user_id,uncertain_word,final_x,final_y,click_order,rt,initial_x,initial_y,circle_radius
17716,ambiguous,68,138,15,17.791,0,-345,300
17716,certain,51.996949447355746,136.80604582886167,17,17.791,117.99694944735576,-324.19395417113833,300
17716,improbable,-56.23827465814395,118.7146671239525,18,17.791,221.76172534185605,-264.2853328760475,300
17716,inevitable,66.77876430563128,105.5,12,17.791,298.7787643056313,-172.5,300
17716,erratic,-52.24132521078832,145.09137870490906,11,17.791,339.7586747892117,-59.90862129509094,300
17716,possible,11.758674789211682,126.90862129509094,10,17.791,339.7586747892117,59.90862129509094,300
17716,definite,136.7787643056314,112.49999999999989,1,17.791,298.7787643056314,172.4999999999999,300
17716,unknown,93.76172534185616,173.2853328760474,2,17.791,221.76172534185616,264.2853328760474,300
17716,uncertain,30.996949447355743,217.19395417113833,3,17.791,117.99694944735576,324.19395417113833,300
17716,risky,-38.99999999999994,236,4,17.791,5.684341886080804e-14,345,300
17716,confident,-104.99694944735568,216.19395417113833,5,17.791,-117.99694944735568,324.19395417113833,300
17716,likely,-110.76172534185594,159.2853328760475,6,17.791,-221.7617253418559,264.2853328760475,300
17716,vague,-174.77876430563117,92.50000000000011,7,17.791,-298.77876430563117,172.5000000000001,300
17716,frequent,-100.75867478921168,50.90862129509094,8,17.791,-339.7586747892117,59.90862129509094,300
17716,predictable,-64.7586747892118,123.09137870490918,9,17.791,-339.7586747892118,-59.908621295090825,300
17716,unexpected,-3.778764305631455,36.50000000000023,13,17.791,-298.77876430563146,-172.49999999999977,300
17716,questionable,-32.76172534185616,166.7146671239526,14,17.791,-221.76172534185616,-264.2853328760474,300
17716,doubtful,82.00305055264437,236.80604582886167,16,17.791,-117.99694944735565,-324.19395417113833,300
16534,improbable,-104,231,7,82.428,0,-345,300
16534,unexpected,216.99694944735575,107.80604582886168,5,82.428,117.99694944735576,-324.19395417113833,300
16534,possible,80.76172534185605,-237.2853328760474,6,82.428,221.76172534185605,-264.2853328760474,300
16534,ambiguous,21.778764305631285,38.5,8,82.428,298.7787643056313,-172.5,300
16534,predictable,-247.24132521078832,-18.90862129509094,17,82.428,339.7586747892117,-59.90862129509094,300
16534,frequent,-135.24132521078832,-135.09137870490906,13,82.428,339.7586747892117,59.90862129509094,300
16534,risky,258.7787643056313,9.499999999999886,16,82.428,298.7787643056313,172.4999999999999,300
16534,unknown,121.76172534185616,224.2853328760474,3,82.428,221.76172534185616,264.2853328760474,300
16534,erratic,213.99694944735575,25.19395417113833,18,82.428,117.99694944735576,324.19395417113833,300
16534,confident,-130.99999999999994,-205,15,82.428,5.684341886080804e-14,345,300
16534,likely,-152.9969494473557,-209.80604582886167,4,82.428,-117.99694944735568,324.19395417113833,300
16534,doubtful,-38.761725341855936,259.2853328760475,14,82.428,-221.7617253418559,264.2853328760475,300
16534,definite,-209.77876430563123,-157.4999999999999,11,82.428,-298.7787643056312,172.5000000000001,300
16534,vague,-81.75867478921168,128.90862129509094,10,82.428,-339.7586747892117,59.90862129509094,300
16534,questionable,31.241325210788204,142.09137870490918,9,82.428,-339.7586747892118,-59.908621295090825,300
16534,uncertain,36.22123569436849,262.5000000000002,2,82.428,-298.77876430563146,-172.49999999999977,300
16534,inevitable,-58.76172534185616,-233.28533287604728,12,82.428,-221.76172534185616,-264.2853328760473,300
16534,certain,-87.99694944735563,-247.19395417113833,1,82.428,-117.99694944735565,-324.19395417113833,300
17753,certain,-157,-182,9,118.719,0,-345,300
17753,definite,-86.00305055264425,-225.19395417113833,10,118.719,117.99694944735576,-324.19395417113833,300
17753,possible,-172.23827465814395,54.71466712395261,11,118.719,221.76172534185605,-264.2853328760474,300
17753,questionable,209.77876430563128,-35.5,12,118.719,298.7787643056313,-172.5,300
17753,confident,-124.24132521078832,-189.90862129509097,7,118.719,339.7586747892117,-59.90862129509094,300
17753,frequent,-217.24132521078832,89.90862129509094,4,118.719,339.7586747892117,59.90862129509094,300
17753,risky,128.77876430563128,83.49999999999989,13,118.719,298.7787643056313,172.4999999999999,300
17753,unknown,160.76172534185616,196.2853328760474,3,118.719,221.76172534185616,264.2853328760474,300
17753,unexpected,132.99694944735575,211.19395417113833,1,118.719,117.99694944735576,324.19395417113833,300
17753,predictable,-223.99999999999991,-28,17,118.719,5.684341886080804e-14,345,300
17753,ambiguous,238.00305055264425,92.19395417113832,18,118.719,-117.99694944735568,324.19395417113833,300
17753,uncertain,103.23827465814406,211.2853328760475,2,118.719,-221.7617253418559,264.2853328760475,300
17753,improbable,229.22123569436872,-56.499999999999886,14,118.719,-298.7787643056312,172.5000000000001,300
17753,inevitable,-67.75867478921168,-179.09137870490906,15,118.719,-339.7586747892117,59.90862129509094,300
17753,likely,-237.7586747892118,63.091378704909175,5,118.719,-339.7586747892118,-59.908621295090825,300
17753,erratic,57.22123569436849,76.50000000000023,16,118.719,-298.77876430563146,-172.49999999999977,300
17753,vague,202.23827465814384,161.71466712395272,6,118.719,-221.76172534185616,-264.2853328760473,300
17753,doubtful,242.00305055264437,3.80604582886167,8,118.719,-117.99694944735565,-324.19395417113833,300
17805,ambiguous,127,-93,14,130.125,0,-345,300
17805,uncertain,25.996949447355743,-264.19395417113833,15,130.125,117.99694944735576,-324.19395417113833,300
17805,certain,-77.23827465814395,155.7146671239526,16,130.125,221.76172534185605,-264.2853328760474,300
17805,improbable,-229.22123569436872,-75.5,17,130.125,298.7787643056313,-172.5,300
17805,risky,-11.241325210788318,-199.90862129509097,18,130.125,339.7586747892117,-59.90862129509094,300
17805,unknown,95.75867478921168,-234.09137870490903,12,130.125,339.7586747892117,59.90862129509094,300
17805,possible,9.778764305631285,27.499999999999886,7,130.125,298.7787643056313,172.4999999999999,300
17805,frequent,101.76172534185616,228.2853328760474,5,130.125,221.76172534185616,264.2853328760474,300
17805,confident,-223.00305055264425,77.19395417113833,4,130.125,117.99694944735576,324.19395417113833,300
17805,likely,2.000000000000057,217,1,130.125,5.684341886080804e-14,345,300
17805,inevitable,-101.99694944735568,171.19395417113833,2,130.125,-117.99694944735568,324.19395417113833,300
17805,unexpected,143.23827465814406,-177.7146671239525,3,130.125,-221.7617253418559,264.2853328760475,300
17805,definite,-112.77876430563124,150.5000000000001,8,130.125,-298.7787643056312,172.5000000000001,300
17805,questionable,232.24132521078832,-61.09137870490906,6,130.125,-339.7586747892117,59.90862129509094,300
17805,predictable,37.241325210788204,150.09137870490918,9,130.125,-339.7586747892118,-59.908621295090825,300
17805,erratic,53.22123569436849,-160.49999999999977,10,130.125,-298.77876430563146,-172.49999999999977,300
17805,vague,221.23827465814384,100.71466712395272,11,130.125,-221.76172534185616,-264.2853328760473,300
17805,doubtful,195.00305055264437,-13.19395417113833,13,130.125,-117.99694944735565,-324.19395417113833,300
17542,confident,241,28,9,151.536,0,-345,300
17542,ambiguous,-137.00305055264425,-193.19395417113833,4,151.536,117.99694944735576,-324.19395417113833,300
17542,erratic,101.76172534185604,-208.2853328760475,10,151.536,221.76172534185605,-264.2853328760475,300
17542,definite,49.778764305631285,235.5,8,151.536,298.7787643056313,-172.5,300
17542,frequent,-62.24132521078832,-226.90862129509097,1,151.536,339.7586747892117,-59.90862129509094,300
17542,uncertain,-240.24132521078832,-69.09137870490906,2,151.536,339.7586747892117,59.90862129509094,300
17542,certain,136.7787643056314,193.4999999999999,7,151.536,298.7787643056314,172.4999999999999,300
17542,possible,212.76172534185616,-114.7146671239526,12,151.536,221.76172534185616,264.2853328760474,300
17542,likely,166.99694944735575,-173.80604582886167,13,151.536,117.99694944735576,324.19395417113833,300
17542,doubtful,-37.99999999999994,237,17,151.536,5.684341886080804e-14,345,300
17542,questionable,-115.99694944735568,219.19395417113833,18,151.536,-117.99694944735568,324.19395417113833,300
17542,unknown,-181.7617253418559,159.2853328760475,15,151.536,-221.7617253418559,264.2853328760475,300
17542,inevitable,208.22123569436883,112.50000000000011,6,151.536,-298.77876430563117,172.5000000000001,300
17542,unexpected,-245.75867478921168,9.908621295090938,5,151.536,-339.7586747892117,59.90862129509094,300
17542,vague,-207.7586747892118,-137.90862129509082,3,151.536,-339.7586747892118,-59.908621295090825,300
17542,predictable,232.2212356943685,-40.49999999999977,11,151.536,-298.77876430563146,-172.49999999999977,300
17542,improbable,-230.76172534185616,82.71466712395261,14,151.536,-221.76172534185616,-264.2853328760474,300
17542,risky,23.003050552644368,-232.19395417113833,16,151.536,-117.99694944735565,-324.19395417113833,300
17778,vague,-46,-235,12,108.759,0,-345,300
17778,ambiguous,-80.00305055264425,-228.19395417113833,17,108.759,117.99694944735576,-324.19395417113833,300
17778,doubtful,-37.23827465814395,-158.2853328760474,13,108.759,221.76172534185605,-264.2853328760474,300
17778,questionable,47.778764305631285,-125.5,9,108.759,298.7787643056313,-172.5,300
17778,risky,-213.24132521078832,-88.90862129509094,14,108.759,339.7586747892117,-59.90862129509094,300
17778,improbable,149.75867478921168,-170.09137870490906,15,108.759,339.7586747892117,59.90862129509094,300
17778,confident,158.77876430563128,150.4999999999999,11,108.759,298.7787643056313,172.4999999999999,300
17778,likely,10.761725341856163,154.2853328760474,2,108.759,221.76172534185616,264.2853328760474,300
17778,possible,-15.003050552644254,154.19395417113833,1,108.759,117.99694944735576,324.19395417113833,300
17778,unknown,-38.99999999999994,-88,16,108.759,5.684341886080804e-14,345,300
17778,predictable,120.00305055264424,99.19395417113832,10,108.759,-117.99694944735568,324.19395417113833,300
17778,unexpected,81.23827465814406,-214.7146671239525,8,108.759,-221.7617253418559,264.2853328760475,300
17778,frequent,35.221235694368715,40.500000000000114,4,108.759,-298.7787643056312,172.5000000000001,300
17778,definite,-133.75867478921168,79.90862129509094,5,108.759,-339.7586747892117,59.90862129509094,300
17778,certain,-106.7586747892118,43.091378704909175,6,108.759,-339.7586747892118,-59.908621295090825,300
17778,uncertain,-17.778764305631512,-121.49999999999976,7,108.759,-298.77876430563146,-172.49999999999977,300
17778,inevitable,-99.76172534185616,89.71466712395272,3,108.759,-221.76172534185616,-264.2853328760473,300
17778,erratic,191.00305055264437,-32.19395417113833,18,108.759,-117.99694944735565,-324.19395417113833,300
17814,risky,244,-42,13,80.841,0,-345,300
17814,erratic,164.99694944735575,-40.19395417113833,12,80.841,117.99694944735576,-324.19395417113833,300
17814,improbable,107.76172534185604,-193.2853328760474,9,80.841,221.76172534185605,-264.2853328760474,300
17814,likely,-171.22123569436872,28.5,2,80.841,298.7787643056313,-172.5,300
17814,doubtful,191.75867478921168,-160.90862129509094,11,80.841,339.7586747892117,-59.90862129509094,300
17814,predictable,-169.24132521078832,76.90862129509094,3,80.841,339.7586747892117,59.90862129509094,300
17814,unknown,211.77876430563128,31.499999999999886,14,80.841,298.7787643056313,172.4999999999999,300
17814,ambiguous,210.76172534185616,101.2853328760474,15,80.841,221.76172534185616,264.2853328760474,300
17814,questionable,150.99694944735575,66.19395417113833,16,80.841,117.99694944735576,324.19395417113833,300
17814,possible,-124.99999999999994,14,4,80.841,5.684341886080804e-14,345,300
17814,inevitable,-161.9969494473557,188.19395417113833,8,80.841,-117.99694944735568,324.19395417113833,300
17814,certain,-132.76172534185594,120.2853328760475,5,80.841,-221.7617253418559,264.2853328760475,300
17814,confident,-100.77876430563124,50.500000000000114,6,80.841,-298.7787643056312,172.5000000000001,300
17814,unexpected,135.24132521078832,6.9086212950909385,18,80.841,-339.7586747892117,59.90862129509094,300
17814,vague,233.2413252107882,-106.90862129509082,17,80.841,-339.7586747892118,-59.908621295090825,300
17814,frequent,-248.77876430563143,5.500000000000227,7,80.841,-298.77876430563146,-172.49999999999977,300
17814,uncertain,142.23827465814384,-111.28533287604728,10,80.841,-221.76172534185616,-264.2853328760473,300
17814,definite,-205.99694944735563,123.80604582886168,1,80.841,-117.99694944735565,-324.19395417113833,300
17889,uncertain,-156,-122,6,383.675,0,-345,300
17889,possible,75.99694944735575,235.80604582886167,2,383.675,117.99694944735576,-324.19395417113833,300
17889,confident,-27.23827465814395,-149.2853328760474,5,383.675,221.76172534185605,-264.2853328760474,300
17889,erratic,248.77876430563128,-14.5,15,383.675,298.7787643056313,-172.5,300
17889,risky,240.75867478921168,-73.90862129509094,16,383.675,339.7586747892117,-59.90862129509094,300
17889,inevitable,-176.24132521078832,149.90862129509094,12,383.675,339.7586747892117,59.90862129509094,300
17889,doubtful,-42.221235694368715,182.4999999999999,9,383.675,298.7787643056313,172.4999999999999,300
17889,unexpected,117.76172534185616,2.285332876047391,10,383.675,221.76172534185616,264.2853328760474,300
17889,predictable,159.99694944735575,-145.80604582886167,13,383.675,117.99694944735576,324.19395417113833,300
17889,vague,-29.999999999999943,54,14,383.675,5.684341886080804e-14,345,300
17889,improbable,-86.99694944735569,222.19395417113833,8,383.675,-117.99694944735568,324.19395417113833,300
17889,certain,14.238274658144064,-102.7146671239525,3,383.675,-221.7617253418559,264.2853328760475,300
17889,unknown,-27.778764305631228,-3.4999999999998863,17,383.675,-298.7787643056312,172.5000000000001,300
17889,ambiguous,135.24132521078832,60.90862129509094,11,383.675,-339.7586747892117,59.90862129509094,300
17889,frequent,138.2413252107882,-203.9086212950908,18,383.675,-339.7586747892118,-59.908621295090825,300
17889,definite,-173.77876430563146,89.50000000000023,4,383.675,-298.77876430563146,-172.49999999999977,300
17889,questionable,-158.76172534185616,-62.28533287604728,7,383.675,-221.76172534185616,-264.2853328760473,300
17889,likely,118.00305055264435,195.80604582886167,1,383.675,-117.99694944735565,-324.19395417113833,300
17864,unexpected,-182,121,14,72.556,0,-345,300
17864,risky,59.996949447355746,70.80604582886167,17,72.556,117.99694944735576,-324.19395417113833,300
17864,definite,25.76172534185605,-265.2853328760474,11,72.556,221.76172534185605,-264.2853328760474,300
17864,questionable,60.778764305631285,136.5,6,72.556,298.7787643056313,-172.5,300
17864,erratic,-116.24132521078832,158.09137870490906,12,72.556,339.7586747892117,-59.90862129509094,300
17864,likely,45.75867478921168,-168.09137870490906,13,72.556,339.7586747892117,59.90862129509094,300
17864,uncertain,-1.2212356943687157,263.4999999999999,4,72.556,298.7787643056313,172.4999999999999,300
17864,ambiguous,58.76172534185616,220.2853328760474,1,72.556,221.76172534185616,264.2853328760474,300
17864,certain,-34.003050552644254,-248.80604582886167,5,72.556,117.99694944735576,324.19395417113833,300
17864,inevitable,91,-223,18,72.556,5.684341886080804e-14,345,300
17864,vague,123.00305055264424,211.19395417113833,3,72.556,-117.99694944735568,324.19395417113833,300
17864,unknown,-48.761725341855936,175.2853328760475,2,72.556,-221.7617253418559,264.2853328760475,300
17864,possible,-44.77876430563123,-53.499999999999886,15,72.556,-298.7787643056312,172.5000000000001,300
17864,frequent,-81.75867478921168,-103.09137870490906,16,72.556,-339.7586747892117,59.90862129509094,300
17864,improbable,-88.7586747892118,67.09137870490918,10,72.556,-339.7586747892118,-59.908621295090825,300
17864,predictable,-11.778764305631512,-203.49999999999977,9,72.556,-298.77876430563146,-172.49999999999977,300
17864,doubtful,-13.761725341856163,82.71466712395272,8,72.556,-221.76172534185616,-264.2853328760473,300
17864,confident,-101.99694944735565,-208.19395417113833,7,72.556,-117.99694944735565,-324.19395417113833,300
17232,vague,85,-243,6,90.134,0,-345,300
17232,unknown,-91.00305055264424,-244.19395417113833,7,90.134,117.99694944735576,-324.19395417113833,300
17232,questionable,160.76172534185605,-204.2853328760474,8,90.134,221.76172534185605,-264.2853328760474,300
17232,erratic,251.77876430563128,60.5,9,90.134,298.7787643056313,-172.5,300
17232,frequent,-204.24132521078832,-144.90862129509094,10,90.134,339.7586747892117,-59.90862129509094,300
17232,possible,0.7586747892116819,247.90862129509097,5,90.134,339.7586747892117,59.90862129509094,300
17232,uncertain,-2.2212356943687155,-255.5000000000001,4,90.134,298.7787643056313,172.4999999999999,300
17232,unexpected,254.76172534185616,-11.714667123952609,3,90.134,221.76172534185616,264.2853328760474,300
17232,confident,-148.00305055264425,195.19395417113833,2,90.134,117.99694944735576,324.19395417113833,300
17232,predictable,-235.99999999999991,-8,1,90.134,5.684341886080804e-14,345,300
17232,definite,-230.9969494473557,64.19395417113833,16,90.134,-117.99694944735568,324.19395417113833,300
17232,certain,-196.7617253418559,137.2853328760475,17,90.134,-221.7617253418559,264.2853328760475,300
17232,risky,78.22123569436872,236.5000000000001,18,90.134,-298.7787643056312,172.5000000000001,300
17232,improbable,248.24132521078832,-82.09137870490906,14,90.134,-339.7586747892117,59.90862129509094,300
17232,likely,-79.7586747892118,236.0913787049092,11,90.134,-339.7586747892118,-59.908621295090825,300
17232,doubtful,219.2212356943685,-142.49999999999977,12,90.134,-298.77876430563146,-172.49999999999977,300
17232,inevitable,-228.76172534185616,-83.28533287604728,13,90.134,-221.76172534185616,-264.2853328760473,300
17232,ambiguous,226.00305055264437,124.80604582886168,15,90.134,-117.99694944735565,-324.19395417113833,300
17902,doubtful,10,79,10,73.135,0,-345,300
17902,inevitable,156.99694944735575,-185.19395417113833,9,73.135,117.99694944735576,-324.19395417113833,300
17902,confident,-33.23827465814395,-229.2853328760474,4,73.135,221.76172534185605,-264.2853328760474,300
17902,erratic,-38.221235694368715,-30.5,14,73.135,298.7787643056313,-172.5,300
17902,definite,94.75867478921168,-215.90862129509097,8,73.135,339.7586747892117,-59.90862129509094,300
17902,likely,88.75867478921168,-149.09137870490906,15,73.135,339.7586747892117,59.90862129509094,300
17902,vague,-78.22123569436872,114.49999999999989,16,73.135,298.7787643056313,172.4999999999999,300
17902,risky,195.76172534185616,86.28533287604739,17,73.135,221.76172534185616,264.2853328760474,300
17902,uncertain,73.99694944735575,168.19395417113833,2,73.135,117.99694944735576,324.19395417113833,300
17902,certain,-50.99999999999994,-232,3,73.135,5.684341886080804e-14,345,300
17902,improbable,-82.99694944735569,200.19395417113833,18,73.135,-117.99694944735568,324.19395417113833,300
17902,questionable,73.23827465814406,204.2853328760475,1,73.135,-221.7617253418559,264.2853328760475,300
17902,possible,-138.77876430563123,-211.4999999999999,7,73.135,-298.7787643056312,172.5000000000001,300
17902,ambiguous,0.24132521078831817,175.90862129509094,6,73.135,-339.7586747892117,59.90862129509094,300
17902,unknown,145.2413252107882,158.09137870490918,5,73.135,-339.7586747892118,-59.908621295090825,300
17902,frequent,-181.77876430563143,7.500000000000227,13,73.135,-298.77876430563146,-172.49999999999977,300
17902,unexpected,115.23827465814384,55.71466712395272,12,73.135,-221.76172534185616,-264.2853328760473,300
17902,predictable,-70.99694944735563,-141.19395417113833,11,73.135,-117.99694944735565,-324.19395417113833,300
17666,likely,-4,-192,6,269.805,0,-345,300
17666,possible,20.996949447355743,-249.19395417113833,18,269.805,117.99694944735576,-324.19395417113833,300
17666,definite,82.76172534185605,-175.2853328760475,5,269.805,221.76172534185605,-264.2853328760475,300
17666,questionable,-101.22123569436872,238.5,12,269.805,298.7787643056313,-172.5,300
17666,doubtful,-92.24132521078832,131.09137870490906,9,269.805,339.7586747892117,-59.90862129509094,300
17666,unexpected,-222.24132521078832,161.90862129509094,16,269.805,339.7586747892117,59.90862129509094,300
17666,uncertain,-103.2212356943686,40.499999999999886,2,269.805,298.7787643056314,172.4999999999999,300
17666,inevitable,119.76172534185616,-58.71466712395261,7,269.805,221.76172534185616,264.2853328760474,300
17666,predictable,155.99694944735575,-136.80604582886167,10,269.805,117.99694944735576,324.19395417113833,300
17666,erratic,94,260,14,269.805,5.684341886080804e-14,345,300
17666,frequent,18.003050552644254,-52.80604582886167,17,269.805,-117.99694944735568,324.19395417113833,300
17666,certain,128.23827465814406,-206.7146671239525,8,269.805,-221.7617253418559,264.2853328760475,300
17666,risky,-20.77876430563117,271.5000000000001,13,269.805,-298.77876430563117,172.5000000000001,300
17666,vague,-226.75867478921168,43.90862129509094,1,269.805,-339.7586747892117,59.90862129509094,300
17666,improbable,-21.758674789211796,175.09137870490918,11,269.805,-339.7586747892118,-59.908621295090825,300
17666,ambiguous,-208.77876430563143,108.50000000000024,3,269.805,-298.77876430563146,-172.49999999999977,300
17666,unknown,-168.76172534185616,182.7146671239526,4,269.805,-221.76172534185616,-264.2853328760474,300
17666,confident,100.00305055264435,-245.19395417113833,15,269.805,-117.99694944735565,-324.19395417113833,300
17790,erratic,-80,-237,12,126.596,0,-345,300
17790,inevitable,-8.003050552644254,206.80604582886167,7,126.596,117.99694944735576,-324.19395417113833,300
17790,frequent,144.76172534185605,33.71466712395261,6,126.596,221.76172534185605,-264.2853328760474,300
17790,certain,23.778764305631285,262.5,5,126.596,298.7787643056313,-172.5,300
17790,uncertain,108.75867478921168,-75.90862129509094,9,126.596,339.7586747892117,-59.90862129509094,300
17790,definite,-41.24132521078832,259.90862129509094,1,126.596,339.7586747892117,59.90862129509094,300
17790,confident,-5.2212356943687155,138.4999999999999,4,126.596,298.7787643056313,172.4999999999999,300
17790,likely,67.76172534185616,150.2853328760474,2,126.596,221.76172534185616,264.2853328760474,300
17790,predictable,122.99694944735576,104.19395417113832,3,126.596,117.99694944735576,324.19395417113833,300
17790,questionable,22,-72,10,126.596,5.684341886080804e-14,345,300
17790,doubtful,65.00305055264425,-274.80604582886167,18,126.596,-117.99694944735568,324.19395417113833,300
17790,risky,-104.76172534185594,-172.7146671239525,17,126.596,-221.7617253418559,264.2853328760475,300
17790,possible,192.22123569436872,-27.499999999999886,8,126.596,-298.7787643056312,172.5000000000001,300
17790,unexpected,103.24132521078832,-182.09137870490903,16,126.596,-339.7586747892117,59.90862129509094,300
17790,unknown,44.241325210788204,-138.90862129509082,15,126.596,-339.7586747892118,-59.908621295090825,300
17790,vague,-29.778764305631512,-142.49999999999977,14,126.596,-298.77876430563146,-172.49999999999977,300
17790,ambiguous,-63.76172534185616,-74.28533287604728,11,126.596,-221.76172534185616,-264.2853328760473,300
17790,improbable,6.003050552644368,-235.19395417113833,13,126.596,-117.99694944735565,-324.19395417113833,300
17899,certain,-8,263,14,82.22,0,-345,300
17899,frequent,-164.00305055264425,198.80604582886167,13,82.22,117.99694944735576,-324.19395417113833,300
17899,risky,145.76172534185605,-225.2853328760474,17,82.22,221.76172534185605,-264.2853328760474,300
17899,questionable,235.77876430563128,-94.5,4,82.22,298.7787643056313,-172.5,300
17899,improbable,-116.24132521078832,-236.90862129509097,3,82.22,339.7586747892117,-59.90862129509094,300
17899,unknown,257.7586747892117,-28.09137870490906,11,82.22,339.7586747892117,59.90862129509094,300
17899,confident,202.77876430563128,181.4999999999999,10,82.22,298.7787643056313,172.4999999999999,300
17899,possible,267.76172534185616,50.28533287604739,12,82.22,221.76172534185616,264.2853328760474,300
17899,inevitable,72.99694944735575,259.19395417113833,1,82.22,117.99694944735576,324.19395417113833,300
17899,erratic,-267.99999999999994,2,18,82.22,5.684341886080804e-14,345,300
17899,definite,-97.99694944735568,255.19395417113833,7,82.22,-117.99694944735568,324.19395417113833,300
17899,ambiguous,-212.7617253418559,140.2853328760475,15,82.22,-221.7617253418559,264.2853328760475,300
17899,vague,-241.77876430563123,75.50000000000011,16,82.22,-298.7787643056312,172.5000000000001,300
17899,doubtful,-38.75867478921168,-261.09137870490906,8,82.22,-339.7586747892117,59.90862129509094,300
17899,likely,146.2413252107882,225.0913787049092,2,82.22,-339.7586747892118,-59.908621295090825,300
17899,predictable,247.2212356943685,120.50000000000024,9,82.22,-298.77876430563146,-172.49999999999977,300
17899,uncertain,-222.76172534185616,-132.28533287604728,6,82.22,-221.76172534185616,-264.2853328760473,300
17899,unexpected,-180.99694944735563,-191.19395417113833,5,82.22,-117.99694944735565,-324.19395417113833,300
17920,likely,-195,-139,8,91.572,0,-345,300
17920,risky,-23.003050552644257,95.80604582886168,17,91.572,117.99694944735576,-324.19395417113833,300
17920,possible,127.76172534185604,-162.2853328760474,16,91.572,221.76172534185605,-264.2853328760474,300
17920,doubtful,241.77876430563128,-34.5,4,91.572,298.7787643056313,-172.5,300
17920,questionable,232.75867478921168,39.09137870490906,5,91.572,339.7586747892117,-59.90862129509094,300
17920,uncertain,152.75867478921168,69.90862129509094,3,91.572,339.7586747892117,59.90862129509094,300
17920,ambiguous,147.77876430563128,139.4999999999999,12,91.572,298.7787643056313,172.4999999999999,300
17920,frequent,-112.23827465814384,-131.7146671239526,9,91.572,221.76172534185616,264.2853328760474,300
17920,certain,-80.00305055264425,-62.80604582886167,15,91.572,117.99694944735576,324.19395417113833,300
17920,improbable,-73.99999999999994,235,7,91.572,5.684341886080804e-14,345,300
17920,unexpected,5.003050552644311,263.19395417113833,2,91.572,-117.99694944735568,324.19395417113833,300
17920,erratic,-2.761725341855936,33.285332876047505,18,91.572,-221.7617253418559,264.2853328760475,300
17920,predictable,-43.77876430563123,-245.4999999999999,1,91.572,-298.7787643056312,172.5000000000001,300
17920,vague,214.24132521078832,108.90862129509094,11,91.572,-339.7586747892117,59.90862129509094,300
17920,definite,-155.7586747892118,-73.90862129509082,10,91.572,-339.7586747892118,-59.908621295090825,300
17920,unknown,159.2212356943685,-2.4999999999997726,6,91.572,-298.77876430563146,-172.49999999999977,300
17920,confident,-188.76172534185616,93.71466712395272,14,91.572,-221.76172534185616,-264.2853328760473,300
17920,inevitable,-231.99694944735563,-62.19395417113833,13,91.572,-117.99694944735565,-324.19395417113833,300
17905,definite,185,185,11,108.917,0,-345,300
17905,confident,237.99694944735575,108.80604582886168,13,108.917,117.99694944735576,-324.19395417113833,300
17905,inevitable,23.76172534185605,253.7146671239526,12,108.917,221.76172534185605,-264.2853328760474,300
17905,uncertain,173.77876430563128,-193.5,4,108.917,298.7787643056313,-172.5,300
17905,doubtful,58.75867478921168,-129.90862129509094,3,108.917,339.7586747892117,-59.90862129509094,300
17905,unknown,-26.24132521078832,-44.09137870490906,2,108.917,339.7586747892117,59.90862129509094,300
17905,risky,-140.22123569436872,-119.50000000000011,18,108.917,298.7787643056313,172.4999999999999,300
17905,likely,7.761725341856163,161.2853328760474,10,108.917,221.76172534185616,264.2853328760474,300
17905,ambiguous,61.996949447355746,15.19395417113833,1,108.917,117.99694944735576,324.19395417113833,300
17905,frequent,114,167,17,108.917,5.684341886080804e-14,345,300
17905,vague,139.00305055264425,-59.80604582886167,16,108.917,-117.99694944735568,324.19395417113833,300
17905,predictable,-62.761725341855936,77.2853328760475,5,108.917,-221.7617253418559,264.2853328760475,300
17905,certain,119.22123569436872,235.5000000000001,9,108.917,-298.7787643056312,172.5000000000001,300
17905,questionable,-161.75867478921168,6.9086212950909385,8,108.917,-339.7586747892117,59.90862129509094,300
17905,erratic,-236.7586747892118,-93.90862129509082,7,108.917,-339.7586747892118,-59.908621295090825,300
17905,unexpected,-69.77876430563146,-245.49999999999977,6,108.917,-298.77876430563146,-172.49999999999977,300
17905,possible,-187.76172534185616,84.71466712395272,14,108.917,-221.76172534185616,-264.2853328760473,300
17905,improbable,-98.99694944735565,156.80604582886167,15,108.917,-117.99694944735565,-324.19395417113833,300
17857,vague,-172,-97,4,65.154,0,-345,300
17857,doubtful,110.99694944735576,-90.19395417113832,5,65.154,117.99694944735576,-324.19395417113833,300
17857,questionable,136.76172534185605,-85.28533287604739,6,65.154,221.76172534185605,-264.2853328760474,300
17857,unexpected,109.77876430563128,-56.5,7,65.154,298.7787643056313,-172.5,300
17857,certain,16.758674789211682,234.09137870490903,8,65.154,339.7586747892117,-59.90862129509094,300
17857,possible,8.758674789211682,72.90862129509094,11,65.154,339.7586747892117,59.90862129509094,300
17857,confident,-6.2212356943687155,203.4999999999999,10,65.154,298.7787643056313,172.4999999999999,300
17857,definite,-40.23827465814384,213.2853328760474,9,65.154,221.76172534185616,264.2853328760474,300
17857,ambiguous,-8.003050552644254,-262.80604582886167,2,65.154,117.99694944735576,324.19395417113833,300
17857,predictable,-19.999999999999943,245,1,65.154,5.684341886080804e-14,345,300
17857,unknown,34.003050552644254,-223.80604582886167,3,65.154,-117.99694944735568,324.19395417113833,300
17857,erratic,215.2382746581441,59.285332876047505,13,65.154,-221.7617253418559,264.2853328760475,300
17857,frequent,-170.77876430563123,90.50000000000011,12,65.154,-298.7787643056312,172.5000000000001,300
17857,risky,-28.75867478921168,-39.09137870490906,14,65.154,-339.7586747892117,59.90862129509094,300
17857,likely,-2.7586747892117955,137.09137870490918,15,65.154,-339.7586747892118,-59.908621295090825,300
17857,inevitable,-68.77876430563146,149.50000000000023,16,65.154,-298.77876430563146,-172.49999999999977,300
17857,uncertain,-65.76172534185616,-230.28533287604728,17,65.154,-221.76172534185616,-264.2853328760473,300
17857,improbable,-15.996949447355632,-181.19395417113833,18,65.154,-117.99694944735565,-324.19395417113833,300
17912,ambiguous,18,-187,1,91.21,0,-345,300
17912,unknown,21.996949447355743,-253.19395417113833,2,91.21,117.99694944735576,-324.19395417113833,300
17912,inevitable,104.76172534185604,146.7146671239525,3,91.21,221.76172534185605,-264.2853328760475,300
17912,frequent,21.778764305631285,123.5,4,91.21,298.7787643056313,-172.5,300
17912,erratic,84.75867478921168,-69.90862129509094,5,91.21,339.7586747892117,-59.90862129509094,300
17912,certain,7.758674789211682,192.90862129509097,6,91.21,339.7586747892117,59.90862129509094,300
17912,questionable,-98.2212356943686,-97.50000000000011,7,91.21,298.7787643056314,172.4999999999999,300
17912,confident,83.76172534185616,224.2853328760474,8,91.21,221.76172534185616,264.2853328760474,300
17912,definite,-0.00305055264425391,258.19395417113833,9,91.21,117.99694944735576,324.19395417113833,300
17912,improbable,-77.99999999999994,-10,10,91.21,5.684341886080804e-14,345,300
17912,unexpected,9.003050552644254,-112.80604582886168,11,91.21,-117.99694944735568,324.19395417113833,300
17912,uncertain,176.23827465814406,-191.7146671239525,12,91.21,-221.7617253418559,264.2853328760475,300
17912,likely,-65.77876430563117,203.5000000000001,13,91.21,-298.77876430563117,172.5000000000001,300
17912,risky,-53.75867478921168,-255.09137870490903,14,91.21,-339.7586747892117,59.90862129509094,300
17912,doubtful,-163.7586747892118,-195.9086212950908,15,91.21,-339.7586747892118,-59.908621295090825,300
17912,vague,94.22123569436847,-207.49999999999977,16,91.21,-298.77876430563146,-172.49999999999977,300
17912,possible,17.238274658143837,22.71466712395261,17,91.21,-221.76172534185616,-264.2853328760474,300
17912,predictable,-60.99694944735563,133.80604582886167,18,91.21,-117.99694944735565,-324.19395417113833,300
17749,unexpected,84,113,8,203.522,0,-345,300
17749,frequent,17.996949447355746,-34.19395417113833,18,203.522,117.99694944735576,-324.19395417113833,300
17749,uncertain,184.76172534185605,168.7146671239526,4,203.522,221.76172534185605,-264.2853328760474,300
17749,likely,3.778764305631285,-163.5,5,203.522,298.7787643056313,-172.5,300
17749,erratic,231.75867478921168,68.09137870490906,9,203.522,339.7586747892117,-59.90862129509094,300
17749,vague,-178.24132521078832,128.90862129509094,7,203.522,339.7586747892117,59.90862129509094,300
17749,certain,-207.22123569436872,-135.5000000000001,3,203.522,298.7787643056313,172.4999999999999,300
17749,questionable,-60.23827465814384,245.2853328760474,10,203.522,221.76172534185616,264.2853328760474,300
17749,definite,-168.00305055264425,-188.80604582886167,12,203.522,117.99694944735576,324.19395417113833,300
17749,predictable,112,-124,11,203.522,5.684341886080804e-14,345,300
17749,doubtful,-4.996949447355689,156.19395417113833,13,203.522,-117.99694944735568,324.19395417113833,300
17749,ambiguous,-141.76172534185594,178.2853328760475,6,203.522,-221.7617253418559,264.2853328760475,300
17749,unknown,-51.77876430563123,73.50000000000011,14,203.522,-298.7787643056312,172.5000000000001,300
17749,confident,-2.758674789211682,-255.09137870490903,15,203.522,-339.7586747892117,59.90862129509094,300
17749,risky,244.2413252107882,-59.908621295090825,16,203.522,-339.7586747892118,-59.908621295090825,300
17749,possible,-47.77876430563151,-119.49999999999976,1,203.522,-298.77876430563146,-172.49999999999977,300
17749,improbable,124.23827465814384,213.71466712395272,2,203.522,-221.76172534185616,-264.2853328760473,300
17749,inevitable,-154.99694944735563,-65.19395417113833,17,203.522,-117.99694944735565,-324.19395417113833,300
17913,vague,92,201,17,106.981,0,-345,300
17913,possible,-174.00305055264425,-81.19395417113833,14,106.981,117.99694944735576,-324.19395417113833,300
17913,ambiguous,-8.23827465814395,228.7146671239525,4,106.981,221.76172534185605,-264.2853328760475,300
17913,confident,-246.22123569436872,0.5,6,106.981,298.7787643056313,-172.5,300
17913,improbable,-159.24132521078832,155.09137870490906,9,106.981,339.7586747892117,-59.90862129509094,300
17913,definite,0.7586747892116819,-209.09137870490903,2,106.981,339.7586747892117,59.90862129509094,300
17913,unknown,-8.221235694368602,199.4999999999999,5,106.981,298.7787643056314,172.4999999999999,300
17913,unexpected,125.76172534185616,103.2853328760474,16,106.981,221.76172534185616,264.2853328760474,300
17913,erratic,200.99694944735575,106.19395417113832,18,106.981,117.99694944735576,324.19395417113833,300
17913,uncertain,-6.999999999999943,255,1,106.981,5.684341886080804e-14,345,300
17913,certain,3.0030505526443108,-251.80604582886167,3,106.981,-117.99694944735568,324.19395417113833,300
17913,predictable,-103.76172534185594,-88.7146671239525,8,106.981,-221.7617253418559,264.2853328760475,300
17913,questionable,136.22123569436883,142.5000000000001,12,106.981,-298.77876430563117,172.5000000000001,300
17913,doubtful,252.24132521078832,2.9086212950909385,7,106.981,-339.7586747892117,59.90862129509094,300
17913,likely,-160.7586747892118,-161.90862129509082,10,106.981,-339.7586747892118,-59.908621295090825,300
17913,frequent,21.221235694368488,-26.499999999999773,15,106.981,-298.77876430563146,-172.49999999999977,300
17913,inevitable,0.2382746581438369,-236.2853328760474,11,106.981,-221.76172534185616,-264.2853328760474,300
17913,risky,-76.99694944735563,132.80604582886167,13,106.981,-117.99694944735565,-324.19395417113833,300
17907,doubtful,214,-108,17,232.164,0,-345,300
17907,unknown,148.99694944735575,83.80604582886167,12,232.164,117.99694944735576,-324.19395417113833,300
17907,erratic,226.76172534185605,52.71466712395261,16,232.164,221.76172534185605,-264.2853328760474,300
17907,definite,-100.22123569436872,-227.5,15,232.164,298.7787643056313,-172.5,300
17907,frequent,-212.24132521078832,-63.90862129509094,14,232.164,339.7586747892117,-59.90862129509094,300
17907,possible,34.75867478921168,-222.09137870490903,13,232.164,339.7586747892117,59.90862129509094,300
17907,unexpected,85.77876430563128,190.4999999999999,9,232.164,298.7787643056313,172.4999999999999,300
17907,predictable,-144.23827465814384,-169.7146671239526,8,232.164,221.76172534185616,264.2853328760474,300
17907,certain,-66.00305055264425,-159.80604582886167,10,232.164,117.99694944735576,324.19395417113833,300
17907,inevitable,-120,-88,11,232.164,5.684341886080804e-14,345,300
17907,confident,-103.99694944735568,199.19395417113833,1,232.164,-117.99694944735568,324.19395417113833,300
17907,uncertain,77.23827465814406,117.2853328760475,5,232.164,-221.7617253418559,264.2853328760475,300
17907,vague,229.22123569436872,-23.499999999999886,4,232.164,-298.7787643056312,172.5000000000001,300
17907,ambiguous,167.24132521078832,-22.09137870490906,3,232.164,-339.7586747892117,59.90862129509094,300
17907,risky,143.2413252107882,-165.90862129509082,2,232.164,-339.7586747892118,-59.908621295090825,300
17907,questionable,-13.778764305631512,217.50000000000023,18,232.164,-298.77876430563146,-172.49999999999977,300
17907,likely,-185.76172534185616,-134.28533287604728,6,232.164,-221.76172534185616,-264.2853328760473,300
17907,improbable,184.00305055264437,142.80604582886167,7,232.164,-117.99694944735565,-324.19395417113833,300
17741,doubtful,159,195,5,257.574,0,-345,300
17741,possible,-250.00305055264425,-45.19395417113833,15,257.574,117.99694944735576,-324.19395417113833,300
17741,likely,-228.23827465814395,-116.2853328760474,16,257.574,221.76172534185605,-264.2853328760474,300
17741,definite,157.77876430563128,-190.5,10,257.574,298.7787643056313,-172.5,300
17741,frequent,213.75867478921168,-129.90862129509094,9,257.574,339.7586747892117,-59.90862129509094,300
17741,unexpected,242.75867478921168,44.90862129509094,7,257.574,339.7586747892117,59.90862129509094,300
17741,ambiguous,-97.22123569436872,238.4999999999999,1,257.574,298.7787643056313,172.4999999999999,300
17741,improbable,213.76172534185616,127.2853328760474,6,257.574,221.76172534185616,264.2853328760474,300
17741,unknown,85.99694944735575,241.19395417113833,4,257.574,117.99694944735576,324.19395417113833,300
17741,vague,-177.99999999999994,180,2,257.574,5.684341886080804e-14,345,300
17741,certain,-12.996949447355746,-251.80604582886167,12,257.574,-117.99694944735568,324.19395417113833,300
17741,predictable,-169.76172534185594,-175.7146671239525,14,257.574,-221.7617253418559,264.2853328760475,300
17741,questionable,-222.77876430563123,115.50000000000011,18,257.574,-298.7787643056312,172.5000000000001,300
17741,inevitable,76.24132521078832,-237.09137870490903,11,257.574,-339.7586747892117,59.90862129509094,300
17741,uncertain,-7.7586747892117955,259.0913787049092,3,257.574,-339.7586747892118,-59.908621295090825,300
17741,confident,-99.77876430563146,-228.49999999999977,13,257.574,-298.77876430563146,-172.49999999999977,300
17741,risky,-254.76172534185616,33.71466712395272,17,257.574,-221.76172534185616,-264.2853328760473,300
17741,erratic,241.00305055264437,-45.19395417113833,8,257.574,-117.99694944735565,-324.19395417113833,300
17960,improbable,13,-109,2,345.475,0,-345,300
17960,unknown,8.996949447355746,-183.19395417113833,4,345.475,117.99694944735576,-324.19395417113833,300
17960,erratic,67.76172534185605,25.71466712395261,12,345.475,221.76172534185605,-264.2853328760474,300
17960,confident,97.77876430563128,191.5,11,345.475,298.7787643056313,-172.5,300
17960,risky,-261.2413252107883,8.091378704909062,15,345.475,339.7586747892117,-59.90862129509094,300
17960,vague,-51.24132521078832,42.90862129509094,17,345.475,339.7586747892117,59.90862129509094,300
17960,likely,268.7787643056313,0.4999999999998863,8,345.475,298.7787643056313,172.4999999999999,300
17960,inevitable,26.761725341856163,216.2853328760474,16,345.475,221.76172534185616,264.2853328760474,300
17960,doubtful,-61.003050552644254,-109.80604582886168,14,345.475,117.99694944735576,324.19395417113833,300
17960,uncertain,8,-258,5,345.475,5.684341886080804e-14,345,300
17960,certain,-3.9969494473556897,269.19395417113833,3,345.475,-117.99694944735568,324.19395417113833,300
17960,unexpected,203.2382746581441,-150.7146671239525,10,345.475,-221.7617253418559,264.2853328760475,300
17960,questionable,-132.77876430563123,-185.4999999999999,9,345.475,-298.7787643056312,172.5000000000001,300
17960,predictable,107.24132521078832,117.90862129509094,13,345.475,-339.7586747892117,59.90862129509094,300
17960,ambiguous,11.241325210788204,11.091378704909175,7,345.475,-339.7586747892118,-59.908621295090825,300
17960,frequent,64.22123569436849,-36.49999999999977,18,345.475,-298.77876430563146,-172.49999999999977,300
17960,definite,70.23827465814384,259.7146671239527,6,345.475,-221.76172534185616,-264.2853328760473,300
17960,possible,3.0030505526443676,82.80604582886167,1,345.475,-117.99694944735565,-324.19395417113833,300
17890,improbable,-107,248,15,190.579,0,-345,300
17890,likely,-126.00305055264424,-185.19395417113833,9,190.579,117.99694944735576,-324.19395417113833,300
17890,predictable,-11.23827465814395,-136.2853328760474,11,190.579,221.76172534185605,-264.2853328760474,300
17890,questionable,31.778764305631285,83.5,13,190.579,298.7787643056313,-172.5,300
17890,definite,0.7586747892116819,-263.90862129509094,7,190.579,339.7586747892117,-59.90862129509094,300
17890,inevitable,123.75867478921168,-235.09137870490903,8,190.579,339.7586747892117,59.90862129509094,300
17890,uncertain,10.778764305631285,261.4999999999999,3,190.579,298.7787643056313,172.4999999999999,300
17890,confident,235.76172534185616,-99.7146671239526,14,190.579,221.76172534185616,264.2853328760474,300
17890,unknown,-22.003050552644257,274.19395417113833,2,190.579,117.99694944735576,324.19395417113833,300
17890,ambiguous,-197.99999999999991,187,5,190.579,5.684341886080804e-14,345,300
17890,possible,-10.99694944735569,-1.80604582886167,12,190.579,-117.99694944735568,324.19395417113833,300
17890,vague,-230.7617253418559,142.2853328760475,4,190.579,-221.7617253418559,264.2853328760475,300
17890,unexpected,-88.77876430563123,79.50000000000011,1,190.579,-298.7787643056312,172.5000000000001,300
17890,risky,261.2413252107883,73.90862129509094,17,190.579,-339.7586747892117,59.90862129509094,300
17890,frequent,-253.7586747892118,-48.908621295090825,16,190.579,-339.7586747892118,-59.908621295090825,300
17890,certain,-31.778764305631455,-257.4999999999998,6,190.579,-298.77876430563146,-172.49999999999977,300
17890,doubtful,123.23827465814384,225.71466712395272,10,190.579,-221.76172534185616,-264.2853328760473,300
17890,erratic,-86.99694944735563,120.80604582886168,18,190.579,-117.99694944735565,-324.19395417113833,300
17773,ambiguous,-105,-16,11,150.494,0,-345,300
17773,questionable,-166.00305055264425,-179.19395417113833,9,150.494,117.99694944735576,-324.19395417113833,300
17773,improbable,103.76172534185604,-161.2853328760474,7,150.494,221.76172534185605,-264.2853328760474,300
17773,erratic,207.77876430563128,-35.5,8,150.494,298.7787643056313,-172.5,300
17773,doubtful,-14.241325210788318,-200.90862129509097,6,150.494,339.7586747892117,-59.90862129509094,300
17773,uncertain,-46.24132521078832,-253.09137870490903,5,150.494,339.7586747892117,59.90862129509094,300
17773,risky,46.778764305631285,27.499999999999886,4,150.494,298.7787643056313,172.4999999999999,300
17773,confident,-95.23827465814384,150.2853328760474,3,150.494,221.76172534185616,264.2853328760474,300
17773,unexpected,27.996949447355743,-255.80604582886167,2,150.494,117.99694944735576,324.19395417113833,300
17773,certain,-0.9999999999999432,242,1,150.494,5.684341886080804e-14,345,300
17773,inevitable,192.00305055264425,96.19395417113832,18,150.494,-117.99694944735568,324.19395417113833,300
17773,predictable,-22.761725341855936,163.2853328760475,17,150.494,-221.7617253418559,264.2853328760475,300
17773,vague,-123.77876430563124,-63.499999999999886,16,150.494,-298.7787643056312,172.5000000000001,300
17773,unknown,-167.75867478921168,-36.09137870490906,15,150.494,-339.7586747892117,59.90862129509094,300
17773,likely,-76.7586747892118,236.0913787049092,14,150.494,-339.7586747892118,-59.908621295090825,300
17773,frequent,-210.77876430563143,91.50000000000024,13,150.494,-298.77876430563146,-172.49999999999977,300
17773,definite,66.23827465814384,241.71466712395272,12,150.494,-221.76172534185616,-264.2853328760473,300
17773,possible,54.00305055264437,146.80604582886167,10,150.494,-117.99694944735565,-324.19395417113833,300
17775,predictable,2,-155,18,65.66,0,-345,300
17775,uncertain,119.99694944735576,179.80604582886167,5,65.66,117.99694944735576,-324.19395417113833,300
17775,questionable,-24.23827465814395,134.7146671239526,11,65.66,221.76172534185605,-264.2853328760474,300
17775,inevitable,-8.221235694368715,-221.5,12,65.66,298.7787643056313,-172.5,300
17775,risky,91.75867478921168,247.09137870490903,4,65.66,339.7586747892117,-59.90862129509094,300
17775,erratic,46.75867478921168,162.90862129509094,3,65.66,339.7586747892117,59.90862129509094,300
17775,definite,61.778764305631285,-241.5000000000001,17,65.66,298.7787643056313,172.4999999999999,300
17775,frequent,27.761725341856163,-64.71466712395261,15,65.66,221.76172534185616,264.2853328760474,300
17775,ambiguous,8.996949447355746,241.19395417113833,1,65.66,117.99694944735576,324.19395417113833,300
17775,vague,25,37,16,65.66,5.684341886080804e-14,345,300
17775,improbable,107.00305055264424,102.19395417113832,14,65.66,-117.99694944735568,324.19395417113833,300
17775,confident,-111.76172534185594,233.2853328760475,2,65.66,-221.7617253418559,264.2853328760475,300
17775,certain,-90.77876430563124,-231.4999999999999,8,65.66,-298.7787643056312,172.5000000000001,300
17775,unknown,232.24132521078832,64.90862129509094,7,65.66,-339.7586747892117,59.90862129509094,300
17775,possible,-120.7586747892118,-144.90862129509082,9,65.66,-339.7586747892118,-59.908621295090825,300
17775,likely,-48.778764305631455,-114.49999999999976,10,65.66,-298.77876430563146,-172.49999999999977,300
17775,unexpected,185.23827465814384,135.71466712395272,6,65.66,-221.76172534185616,-264.2853328760473,300
17775,doubtful,148.00305055264437,-69.19395417113833,13,65.66,-117.99694944735565,-324.19395417113833,300
17958,questionable,-149,94,7,150.813,0,-345,300
17958,certain,-101.00305055264424,-205.19395417113833,13,150.813,117.99694944735576,-324.19395417113833,300
17958,confident,-40.23827465814395,-194.2853328760474,14,150.813,221.76172534185605,-264.2853328760474,300
17958,unknown,-43.221235694368715,188.5,3,150.813,298.7787643056313,-172.5,300
17958,risky,43.75867478921168,128.09137870490906,9,150.813,339.7586747892117,-59.90862129509094,300
17958,predictable,-13.241325210788318,-109.09137870490906,16,150.813,339.7586747892117,59.90862129509094,300
17958,possible,237.77876430563128,-28.500000000000114,17,150.813,298.7787643056313,172.4999999999999,300
17958,frequent,79.76172534185616,-89.71466712395261,18,150.813,221.76172534185616,264.2853328760474,300
17958,inevitable,-141.00305055264425,-158.80604582886167,11,150.813,117.99694944735576,324.19395417113833,300
17958,unexpected,-104.99999999999994,130,8,150.813,5.684341886080804e-14,345,300
17958,ambiguous,-51.99694944735569,250.19395417113833,1,150.813,-117.99694944735568,324.19395417113833,300
17958,vague,-99.76172534185594,213.2853328760475,2,150.813,-221.7617253418559,264.2853328760475,300
17958,erratic,2.2212356943687155,82.50000000000011,10,150.813,-298.7787643056312,172.5000000000001,300
17958,improbable,-159.75867478921168,155.90862129509094,5,150.813,-339.7586747892117,59.90862129509094,300
17958,definite,-79.7586747892118,-147.90862129509082,12,150.813,-339.7586747892118,-59.908621295090825,300
17958,uncertain,4.221235694368545,223.50000000000023,4,150.813,-298.77876430563146,-172.49999999999977,300
17958,doubtful,-205.76172534185616,116.71466712395272,6,150.813,-221.76172534185616,-264.2853328760473,300
17958,likely,156.00305055264437,-62.19395417113833,15,150.813,-117.99694944735565,-324.19395417113833,300
17829,risky,117,-186,17,317.848,0,-345,300
17829,possible,-77.00305055264425,-136.19395417113833,7,317.848,117.99694944735576,-324.19395417113833,300
17829,uncertain,234.76172534185605,-60.285332876047505,5,317.848,221.76172534185605,-264.2853328760475,300
17829,confident,-250.22123569436872,68.5,10,317.848,298.7787643056313,-172.5,300
17829,inevitable,-257.2413252107883,5.0913787049090615,1,317.848,339.7586747892117,-59.90862129509094,300
17829,unexpected,122.75867478921168,208.90862129509097,15,317.848,339.7586747892117,59.90862129509094,300
17829,questionable,225.7787643056314,93.49999999999989,2,317.848,298.7787643056314,172.4999999999999,300
17829,certain,-204.23827465814384,49.28533287604739,6,317.848,221.76172534185616,264.2853328760474,300
17829,ambiguous,196.99694944735575,-16.80604582886167,11,317.848,117.99694944735576,324.19395417113833,300
17829,vague,174,-2,12,317.848,5.684341886080804e-14,345,300
17829,erratic,140.00305055264425,181.19395417113833,18,317.848,-117.99694944735568,324.19395417113833,300
17829,predictable,-104.76172534185594,-206.7146671239525,13,317.848,-221.7617253418559,264.2853328760475,300
17829,unknown,252.22123569436883,-13.499999999999886,8,317.848,-298.77876430563117,172.5000000000001,300
17829,definite,-198.75867478921168,-5.0913787049090615,3,317.848,-339.7586747892117,59.90862129509094,300
17829,frequent,-200.7586747892118,-132.90862129509082,9,317.848,-339.7586747892118,-59.908621295090825,300
17829,improbable,-5.778764305631512,259.5000000000002,4,317.848,-298.77876430563146,-172.49999999999977,300
17829,likely,-113.76172534185616,-67.28533287604739,16,317.848,-221.76172534185616,-264.2853328760474,300
17829,doubtful,-91.99694944735565,228.80604582886167,14,317.848,-117.99694944735565,-324.19395417113833,300
17819,likely,-172,-184,12,154.734,0,-345,300
17819,certain,-39.003050552644254,-258.19395417113833,11,154.734,117.99694944735576,-324.19395417113833,300
17819,questionable,112.76172534185604,117.7146671239526,9,154.734,221.76172534185605,-264.2853328760474,300
17819,ambiguous,16.778764305631285,247.5,10,154.734,298.7787643056313,-172.5,300
17819,confident,-90.24132521078832,-136.90862129509094,8,154.734,339.7586747892117,-59.90862129509094,300
17819,risky,-73.24132521078832,105.90862129509094,7,154.734,339.7586747892117,59.90862129509094,300
17819,uncertain,26.778764305631285,245.4999999999999,1,154.734,298.7787643056313,172.4999999999999,300
17819,possible,-234.23827465814384,-72.71466712395261,4,154.734,221.76172534185616,264.2853328760474,300
17819,improbable,211.99694944735575,140.19395417113833,3,154.734,117.99694944735576,324.19395417113833,300
17819,vague,20,245,2,154.734,5.684341886080804e-14,345,300
17819,erratic,-1.9969494473556892,14.19395417113833,17,154.734,-117.99694944735568,324.19395417113833,300
17819,unexpected,162.23827465814406,53.285332876047505,18,154.734,-221.7617253418559,264.2853328760475,300
17819,predictable,-21.778764305631228,-209.4999999999999,15,154.734,-298.7787643056312,172.5000000000001,300
17819,unknown,-70.75867478921168,234.90862129509097,16,154.734,-339.7586747892117,59.90862129509094,300
17819,inevitable,-141.7586747892118,-215.9086212950908,5,154.734,-339.7586747892118,-59.908621295090825,300
17819,definite,5.221235694368545,-251.49999999999977,14,154.734,-298.77876430563146,-172.49999999999977,300
17819,frequent,-195.76172534185616,-158.28533287604728,13,154.734,-221.76172534185616,-264.2853328760473,300
17819,doubtful,139.00305055264437,200.80604582886167,6,154.734,-117.99694944735565,-324.19395417113833,300
17747,likely,-185,50,6,149.38,0,-345,300
17747,unexpected,159.99694944735575,-205.19395417113833,17,149.38,117.99694944735576,-324.19395417113833,300
17747,risky,231.76172534185605,-62.28533287604739,13,149.38,221.76172534185605,-264.2853328760474,300
17747,inevitable,123.77876430563128,201.5,11,149.38,298.7787643056313,-172.5,300
17747,erratic,140.75867478921168,-108.90862129509094,12,149.38,339.7586747892117,-59.90862129509094,300
17747,unknown,63.75867478921168,-258.09137870490906,18,149.38,339.7586747892117,59.90862129509094,300
17747,frequent,-102.22123569436872,-15.500000000000114,14,149.38,298.7787643056313,172.4999999999999,300
17747,uncertain,45.76172534185616,-164.7146671239526,10,149.38,221.76172534185616,264.2853328760474,300
17747,doubtful,1.996949447355746,-109.80604582886168,15,149.38,117.99694944735576,324.19395417113833,300
17747,predictable,-55.99999999999994,242,9,149.38,5.684341886080804e-14,345,300
17747,confident,-183.9969494473557,118.19395417113832,8,149.38,-117.99694944735568,324.19395417113833,300
17747,certain,-8.761725341855936,181.2853328760475,2,149.38,-221.7617253418559,264.2853328760475,300
17747,vague,-123.77876430563124,-165.4999999999999,1,149.38,-298.7787643056312,172.5000000000001,300
17747,definite,-87.75867478921168,168.90862129509094,3,149.38,-339.7586747892117,59.90862129509094,300
17747,possible,-219.7586747892118,-69.90862129509082,7,149.38,-339.7586747892118,-59.908621295090825,300
17747,ambiguous,-70.77876430563146,-210.49999999999977,4,149.38,-298.77876430563146,-172.49999999999977,300
17747,questionable,34.23827465814384,-52.28533287604728,16,149.38,-221.76172534185616,-264.2853328760473,300
17747,improbable,104.00305055264435,113.80604582886168,5,149.38,-117.99694944735565,-324.19395417113833,300
17739,likely,-183,117,7,316.536,0,-345,300
17739,definite,33.996949447355746,70.80604582886167,15,316.536,117.99694944735576,-324.19395417113833,300
17739,unexpected,16.76172534185605,-83.28533287604739,1,316.536,221.76172534185605,-264.2853328760474,300
17739,unknown,18.778764305631285,-32.5,2,316.536,298.7787643056313,-172.5,300
17739,certain,-82.24132521078832,74.09137870490906,4,316.536,339.7586747892117,-59.90862129509094,300
17739,uncertain,131.75867478921168,-28.09137870490906,14,316.536,339.7586747892117,59.90862129509094,300
17739,vague,-100.22123569436872,-29.500000000000114,12,316.536,298.7787643056313,172.4999999999999,300
17739,doubtful,-230.23827465814384,-90.7146671239526,11,316.536,221.76172534185616,264.2853328760474,300
17739,inevitable,36.996949447355746,119.19395417113832,8,316.536,117.99694944735576,324.19395417113833,300
17739,possible,-181.99999999999991,71,9,316.536,5.684341886080804e-14,345,300
17739,frequent,246.00305055264425,-60.80604582886167,6,316.536,-117.99694944735568,324.19395417113833,300
17739,ambiguous,-102.76172534185594,-82.7146671239525,13,316.536,-221.7617253418559,264.2853328760475,300
17739,risky,246.22123569436872,-20.499999999999886,5,316.536,-298.7787643056312,172.5000000000001,300
17739,predictable,-81.75867478921168,119.90862129509094,3,316.536,-339.7586747892117,59.90862129509094,300
17739,questionable,-232.7586747892118,-44.908621295090825,10,316.536,-339.7586747892118,-59.908621295090825,300
17739,improbable,136.2212356943685,-74.49999999999977,17,316.536,-298.77876430563146,-172.49999999999977,300
17739,confident,135.23827465814384,124.71466712395272,16,316.536,-221.76172534185616,-264.2853328760473,300
17739,erratic,136.00305055264437,79.80604582886167,18,316.536,-117.99694944735565,-324.19395417113833,300
17316,possible,66,100,11,90.433,0,-345,300
17316,vague,-134.00305055264425,-89.19395417113833,14,90.433,117.99694944735576,-324.19395417113833,300
17316,ambiguous,-57.23827465814395,-21.28533287604739,13,90.433,221.76172534185605,-264.2853328760474,300
17316,risky,127.77876430563128,-98.5,16,90.433,298.7787643056313,-172.5,300
17316,confident,-50.24132521078832,144.09137870490906,15,90.433,339.7586747892117,-59.90862129509094,300
17316,unknown,-62.24132521078832,-171.09137870490906,12,90.433,339.7586747892117,59.90862129509094,300
17316,unexpected,-1.2212356943687157,-262.5000000000001,2,90.433,298.7787643056313,172.4999999999999,300
17316,questionable,254.76172534185616,-11.714667123952609,18,90.433,221.76172534185616,264.2853328760474,300
17316,predictable,3.996949447355746,261.19395417113833,1,90.433,117.99694944735576,324.19395417113833,300
17316,erratic,250,-81,17,90.433,5.684341886080804e-14,345,300
17316,likely,15.003050552644254,172.19395417113833,8,90.433,-117.99694944735568,324.19395417113833,300
17316,frequent,112.23827465814406,224.2853328760475,10,90.433,-221.7617253418559,264.2853328760475,300
17316,definite,-128.77876430563123,136.5000000000001,7,90.433,-298.7787643056312,172.5000000000001,300
17316,certain,-218.75867478921168,142.90862129509094,6,90.433,-339.7586747892117,59.90862129509094,300
17316,uncertain,207.2413252107882,-162.90862129509082,5,90.433,-339.7586747892118,-59.908621295090825,300
17316,improbable,125.22123569436847,-227.49999999999977,4,90.433,-298.77876430563146,-172.49999999999977,300
17316,inevitable,-143.76172534185616,217.71466712395272,3,90.433,-221.76172534185616,-264.2853328760473,300
17316,doubtful,66.00305055264437,-141.19395417113833,9,90.433,-117.99694944735565,-324.19395417113833,300
17855,frequent,245,-84,6,236.14,0,-345,300
17855,definite,77.99694944735575,250.80604582886167,13,236.14,117.99694944735576,-324.19395417113833,300
17855,risky,25.76172534185605,-142.2853328760474,14,236.14,221.76172534185605,-264.2853328760474,300
17855,predictable,135.77876430563128,118.5,10,236.14,298.7787643056313,-172.5,300
17855,inevitable,237.75867478921168,88.09137870490906,11,236.14,339.7586747892117,-59.90862129509094,300
17855,doubtful,142.75867478921168,-214.09137870490903,9,236.14,339.7586747892117,59.90862129509094,300
17855,improbable,100.77876430563128,-50.500000000000114,17,236.14,298.7787643056313,172.4999999999999,300
17855,certain,161.76172534185616,207.2853328760474,8,236.14,221.76172534185616,264.2853328760474,300
17855,questionable,-227.00305055264425,97.19395417113832,16,236.14,117.99694944735576,324.19395417113833,300
17855,erratic,-78.99999999999994,128,1,236.14,5.684341886080804e-14,345,300
17855,uncertain,-154.9969494473557,-96.80604582886168,4,236.14,-117.99694944735568,324.19395417113833,300
17855,ambiguous,-125.76172534185594,-195.7146671239525,2,236.14,-221.7617253418559,264.2853328760475,300
17855,likely,40.221235694368715,174.5000000000001,12,236.14,-298.7787643056312,172.5000000000001,300
17855,unknown,-50.75867478921168,-238.09137870490903,7,236.14,-339.7586747892117,59.90862129509094,300
17855,possible,-121.7586747892118,241.0913787049092,18,236.14,-339.7586747892118,-59.908621295090825,300
17855,vague,-108.77876430563146,-162.49999999999977,3,236.14,-298.77876430563146,-172.49999999999977,300
17855,confident,6.238274658143837,36.71466712395272,15,236.14,-221.76172534185616,-264.2853328760473,300
17855,unexpected,-157.99694944735563,2.80604582886167,5,236.14,-117.99694944735565,-324.19395417113833,300
17604,ambiguous,-31,6,11,157.999,0,-345,300
17604,frequent,202.99694944735575,8.80604582886167,10,157.999,117.99694944735576,-324.19395417113833,300
17604,risky,-86.23827465814395,249.7146671239526,9,157.999,221.76172534185605,-264.2853328760474,300
17604,vague,1.7787643056312843,-0.5,8,157.999,298.7787643056313,-172.5,300
17604,unexpected,-166.24132521078832,-82.90862129509094,6,157.999,339.7586747892117,-59.90862129509094,300
17604,predictable,222.75867478921168,-49.09137870490906,5,157.999,339.7586747892117,59.90862129509094,300
17604,erratic,-183.22123569436872,181.4999999999999,4,157.999,298.7787643056313,172.4999999999999,300
17604,certain,265.76172534185616,4.285332876047391,3,157.999,221.76172534185616,264.2853328760474,300
17604,uncertain,-267.00305055264425,3.19395417113833,2,157.999,117.99694944735576,324.19395417113833,300
17604,inevitable,224,-122,1,157.999,5.684341886080804e-14,345,300
17604,doubtful,-59.99694944735569,125.19395417113832,18,157.999,-117.99694944735568,324.19395417113833,300
17604,improbable,-100.76172534185594,-241.7146671239525,17,157.999,-221.7617253418559,264.2853328760475,300
17604,unknown,-171.77876430563123,-196.4999999999999,16,157.999,-298.7787643056312,172.5000000000001,300
17604,likely,135.24132521078832,-110.09137870490906,15,157.999,-339.7586747892117,59.90862129509094,300
17604,questionable,-84.7586747892118,-122.90862129509082,14,157.999,-339.7586747892118,-59.908621295090825,300
17604,definite,191.2212356943685,73.50000000000023,7,157.999,-298.77876430563146,-172.49999999999977,300
17604,possible,73.23827465814384,-89.28533287604728,13,157.999,-221.76172534185616,-264.2853328760473,300
17604,confident,116.00305055264435,172.80604582886167,12,157.999,-117.99694944735565,-324.19395417113833,300
17885,possible,244,-77,9,92.708,0,-345,300
17885,predictable,81.99694944735575,-246.19395417113833,1,92.708,117.99694944735576,-324.19395417113833,300
17885,vague,152.76172534185605,204.7146671239525,18,92.708,221.76172534185605,-264.2853328760475,300
17885,doubtful,-107.22123569436872,231.5,12,92.708,298.7787643056313,-172.5,300
17885,definite,-229.24132521078832,-133.90862129509094,6,92.708,339.7586747892117,-59.90862129509094,300
17885,improbable,-188.24132521078832,190.90862129509097,16,92.708,339.7586747892117,59.90862129509094,300
17885,risky,-195.2212356943686,-13.500000000000114,15,92.708,298.7787643056314,172.4999999999999,300
17885,questionable,-11.238274658143837,248.2853328760474,7,92.708,221.76172534185616,264.2853328760474,300
17885,ambiguous,95.99694944735576,243.19395417113833,8,92.708,117.99694944735576,324.19395417113833,300
17885,unknown,261,32,13,92.708,5.684341886080804e-14,345,300
17885,inevitable,204.00305055264425,-159.80604582886167,17,92.708,-117.99694944735568,324.19395417113833,300
17885,likely,-13.761725341855936,-255.7146671239525,4,92.708,-221.7617253418559,264.2853328760475,300
17885,frequent,154.22123569436883,-204.4999999999999,5,92.708,-298.77876430563117,172.5000000000001,300
17885,certain,-178.75867478921168,-193.09137870490903,3,92.708,-339.7586747892117,59.90862129509094,300
17885,confident,-102.7586747892118,-234.9086212950908,2,92.708,-339.7586747892118,-59.908621295090825,300
17885,unexpected,-256.77876430563146,63.50000000000023,10,92.708,-298.77876430563146,-172.49999999999977,300
17885,erratic,-263.76172534185616,-13.285332876047391,14,92.708,-221.76172534185616,-264.2853328760474,300
17885,uncertain,-221.99694944735563,142.80604582886167,11,92.708,-117.99694944735565,-324.19395417113833,300
16939,risky,6,-259,16,329.687,0,-345,300
16939,possible,-134.00305055264425,-67.19395417113833,10,329.687,117.99694944735576,-324.19395417113833,300
16939,likely,-70.23827465814395,-30.28533287604739,9,329.687,221.76172534185605,-264.2853328760474,300
16939,erratic,-65.22123569436872,-244.5,17,329.687,298.7787643056313,-172.5,300
16939,improbable,121.75867478921168,-226.90862129509097,11,329.687,339.7586747892117,-59.90862129509094,300
16939,questionable,129.75867478921168,108.90862129509094,14,329.687,339.7586747892117,59.90862129509094,300
16939,certain,-138.22123569436872,191.4999999999999,5,329.687,298.7787643056313,172.4999999999999,300
16939,doubtful,173.76172534185616,51.28533287604739,15,329.687,221.76172534185616,264.2853328760474,300
16939,unexpected,-15.003050552644254,-192.80604582886167,8,329.687,117.99694944735576,324.19395417113833,300
16939,ambiguous,217,132,7,329.687,5.684341886080804e-14,345,300
16939,unknown,148.00305055264425,-38.80604582886167,4,329.687,-117.99694944735568,324.19395417113833,300
16939,uncertain,221.2382746581441,-131.7146671239525,1,329.687,-221.7617253418559,264.2853328760475,300
16939,definite,-216.77876430563128,102.50000000000011,2,329.687,-298.7787643056312,172.5000000000001,300
16939,vague,256.2413252107883,39.90862129509094,3,329.687,-339.7586747892117,59.90862129509094,300
16939,confident,-67.7586747892118,187.0913787049092,6,329.687,-339.7586747892118,-59.908621295090825,300
16939,frequent,-154.77876430563146,12.500000000000227,18,329.687,-298.77876430563146,-172.49999999999977,300
16939,predictable,-83.76172534185616,63.71466712395272,12,329.687,-221.76172534185616,-264.2853328760473,300
16939,inevitable,85.00305055264437,-154.19395417113833,13,329.687,-117.99694944735565,-324.19395417113833,300
17834,uncertain,31,34,13,365.267,0,-345,300
17834,predictable,-21.003050552644257,-182.19395417113833,1,365.267,117.99694944735576,-324.19395417113833,300
17834,doubtful,-12.23827465814395,128.7146671239526,7,365.267,221.76172534185605,-264.2853328760474,300
17834,possible,-23.221235694368715,-74.5,9,365.267,298.7787643056313,-172.5,300
17834,certain,13.758674789211682,-259.90862129509094,3,365.267,339.7586747892117,-59.90862129509094,300
17834,risky,25.75867478921168,5.9086212950909385,18,365.267,339.7586747892117,59.90862129509094,300
17834,vague,-26.221235694368715,63.499999999999886,17,365.267,298.7787643056313,172.4999999999999,300
17834,inevitable,-20.238274658143837,14.285332876047391,4,365.267,221.76172534185616,264.2853328760474,300
17834,frequent,-23.003050552644257,-113.80604582886168,10,365.267,117.99694944735576,324.19395417113833,300
17834,likely,-24,-149,11,365.267,5.684341886080804e-14,345,300
17834,erratic,5.003050552644254,54.19395417113833,6,365.267,-117.99694944735568,324.19395417113833,300
17834,ambiguous,-78.76172534185594,29.285332876047505,14,365.267,-221.7617253418559,264.2853328760475,300
17834,unexpected,-13.778764305631228,269.5000000000001,15,365.267,-298.7787643056312,172.5000000000001,300
17834,improbable,-5.758674789211682,204.90862129509097,16,365.267,-339.7586747892117,59.90862129509094,300
17834,confident,-19.758674789211796,-218.9086212950908,8,365.267,-339.7586747892118,-59.908621295090825,300
17834,definite,-47.778764305631455,-259.4999999999998,2,365.267,-298.77876430563146,-172.49999999999977,300
17834,unknown,-56.76172534185616,59.71466712395272,5,365.267,-221.76172534185616,-264.2853328760473,300
17834,questionable,41.00305055264437,18.80604582886167,12,365.267,-117.99694944735565,-324.19395417113833,300
17800,improbable,-35,149,14,189.708,0,-345,300
17800,risky,-32.003050552644254,-8.19395417113833,11,189.708,117.99694944735576,-324.19395417113833,300
17800,doubtful,25.76172534185605,-200.2853328760474,4,189.708,221.76172534185605,-264.2853328760474,300
17800,unexpected,18.778764305631285,148.5,15,189.708,298.7787643056313,-172.5,300
17800,predictable,151.75867478921168,-56.90862129509094,10,189.708,339.7586747892117,-59.90862129509094,300
17800,frequent,151.75867478921168,-151.09137870490906,18,189.708,339.7586747892117,59.90862129509094,300
17800,vague,-95.22123569436872,-99.50000000000011,16,189.708,298.7787643056313,172.4999999999999,300
17800,certain,29.761725341856163,236.2853328760474,2,189.708,221.76172534185616,264.2853328760474,300
17800,possible,158.99694944735575,58.19395417113833,9,189.708,117.99694944735576,324.19395417113833,300
17800,inevitable,-32.99999999999994,242,1,189.708,5.684341886080804e-14,345,300
17800,erratic,-83.99694944735569,0.1939541711383299,12,189.708,-117.99694944735568,324.19395417113833,300
17800,questionable,-31.761725341855936,-196.7146671239525,3,189.708,-221.7617253418559,264.2853328760475,300
17800,definite,-156.77876430563123,87.50000000000011,8,189.708,-298.7787643056312,172.5000000000001,300
17800,unknown,53.24132521078832,-115.09137870490906,17,189.708,-339.7586747892117,59.90862129509094,300
17800,confident,-221.7586747892118,91.09137870490918,7,189.708,-339.7586747892118,-59.908621295090825,300
17800,uncertain,95.22123569436847,74.50000000000023,5,189.708,-298.77876430563146,-172.49999999999977,300
17800,ambiguous,-152.76172534185616,-98.28533287604728,6,189.708,-221.76172534185616,-264.2853328760473,300
17800,likely,206.00305055264437,-61.19395417113833,13,189.708,-117.99694944735565,-324.19395417113833,300
17933,erratic,119,-198,17,368.204,0,-345,300
17933,uncertain,-72.00305055264425,-15.19395417113833,4,368.204,117.99694944735576,-324.19395417113833,300
17933,certain,241.76172534185605,76.71466712395261,12,368.204,221.76172534185605,-264.2853328760474,300
17933,risky,54.778764305631285,-237.5,8,368.204,298.7787643056313,-172.5,300
17933,questionable,-48.24132521078832,-79.90862129509094,13,368.204,339.7586747892117,-59.90862129509094,300
17933,unexpected,-77.24132521078832,-161.09137870490906,16,368.204,339.7586747892117,59.90862129509094,300
17933,ambiguous,-94.22123569436872,49.499999999999886,2,368.204,298.7787643056313,172.4999999999999,300
17933,likely,139.76172534185616,35.28533287604739,14,368.204,221.76172534185616,264.2853328760474,300
17933,unknown,-1.003050552644254,-25.80604582886167,11,368.204,117.99694944735576,324.19395417113833,300
17933,possible,74,-7,15,368.204,5.684341886080804e-14,345,300
17933,predictable,147.00305055264425,-30.80604582886167,18,368.204,-117.99694944735568,324.19395417113833,300
17933,frequent,221.2382746581441,-121.7146671239525,9,368.204,-221.7617253418559,264.2853328760475,300
17933,doubtful,27.221235694368715,-145.4999999999999,7,368.204,-298.7787643056312,172.5000000000001,300
17933,vague,-141.75867478921168,-2.0913787049090615,1,368.204,-339.7586747892117,59.90862129509094,300
17933,inevitable,252.2413252107882,-57.908621295090825,10,368.204,-339.7586747892118,-59.908621295090825,300
17933,definite,257.2212356943685,12.500000000000227,3,368.204,-298.77876430563146,-172.49999999999977,300
17933,improbable,-108.76172534185616,-238.28533287604728,5,368.204,-221.76172534185616,-264.2853328760473,300
17933,confident,206.00305055264437,133.80604582886167,6,368.204,-117.99694944735565,-324.19395417113833,300
17869,doubtful,-65,-175,5,104.418,0,-345,300
17869,vague,17.996949447355746,-13.19395417113833,18,104.418,117.99694944735576,-324.19395417113833,300
17869,uncertain,-138.23827465814395,-112.2853328760474,17,104.418,221.76172534185605,-264.2853328760474,300
17869,certain,-3.2212356943687155,251.5,1,104.418,298.7787643056313,-172.5,300
17869,frequent,76.75867478921168,155.09137870490906,16,104.418,339.7586747892117,-59.90862129509094,300
17869,possible,100.75867478921168,-5.0913787049090615,15,104.418,339.7586747892117,59.90862129509094,300
17869,confident,-83.22123569436872,200.4999999999999,12,104.418,298.7787643056313,172.4999999999999,300
17869,unknown,-5.238274658143837,-237.7146671239526,4,104.418,221.76172534185616,264.2853328760474,300
17869,questionable,-0.00305055264425391,-105.80604582886168,7,104.418,117.99694944735576,324.19395417113833,300
17869,likely,55,199,3,104.418,5.684341886080804e-14,345,300
17869,unexpected,-81.99694944735575,-42.80604582886167,8,104.418,-117.99694944735568,324.19395417113833,300
17869,erratic,72.23827465814406,-76.7146671239525,11,104.418,-221.7617253418559,264.2853328760475,300
17869,definite,-14.778764305631228,255.5000000000001,2,104.418,-298.7787643056312,172.5000000000001,300
17869,improbable,153.24132521078832,-78.09137870490906,13,104.418,-339.7586747892117,59.90862129509094,300
17869,ambiguous,2.2413252107882045,-8.908621295090825,9,104.418,-339.7586747892118,-59.908621295090825,300
17869,inevitable,-96.77876430563146,39.50000000000023,10,104.418,-298.77876430563146,-172.49999999999977,300
17869,risky,-205.76172534185616,-56.28533287604728,14,104.418,-221.76172534185616,-264.2853328760473,300
17869,predictable,-107.99694944735565,151.80604582886167,6,104.418,-117.99694944735565,-324.19395417113833,300
17925,predictable,200,100,11,549.921,0,-345,300
17925,uncertain,-81.00305055264425,-204.19395417113833,14,549.921,117.99694944735576,-324.19395417113833,300
17925,frequent,4.7617253418560495,148.7146671239526,8,549.921,221.76172534185605,-264.2853328760474,300
17925,ambiguous,175.77876430563128,-196.5,1,549.921,298.7787643056313,-172.5,300
17925,unexpected,-241.24132521078832,22.09137870490906,17,549.921,339.7586747892117,-59.90862129509094,300
17925,improbable,100.75867478921168,-47.09137870490906,15,549.921,339.7586747892117,59.90862129509094,300
17925,certain,-16.221235694368715,262.4999999999999,4,549.921,298.7787643056313,172.4999999999999,300
17925,possible,-160.23827465814384,103.2853328760474,13,549.921,221.76172534185616,264.2853328760474,300
17925,confident,186.99694944735575,137.19395417113833,10,549.921,117.99694944735576,324.19395417113833,300
17925,likely,-128.99999999999994,172,12,549.921,5.684341886080804e-14,345,300
17925,vague,115.00305055264424,-228.80604582886167,2,549.921,-117.99694944735568,324.19395417113833,300
17925,questionable,-37.761725341855936,-101.7146671239525,18,549.921,-221.7617253418559,264.2853328760475,300
17925,definite,27.221235694368715,262.5000000000001,3,549.921,-298.7787643056312,172.5000000000001,300
17925,erratic,-165.75867478921168,-121.09137870490906,7,549.921,-339.7586747892117,59.90862129509094,300
17925,doubtful,-18.758674789211796,-148.90862129509082,16,549.921,-339.7586747892118,-59.908621295090825,300
17925,unknown,-174.7787643056315,-12.499999999999773,5,549.921,-298.77876430563146,-172.49999999999977,300
17925,risky,-233.76172534185616,-119.28533287604728,6,549.921,-221.76172534185616,-264.2853328760473,300
17925,inevitable,13.003050552644368,66.80604582886167,9,549.921,-117.99694944735565,-324.19395417113833,300
17929,frequent,-16,-260,5,967.942,0,-345,300
17929,inevitable,28.996949447355743,-220.19395417113833,2,967.942,117.99694944735576,-324.19395417113833,300
17929,predictable,19.76172534185605,-243.2853328760475,4,967.942,221.76172534185605,-264.2853328760475,300
17929,possible,51.778764305631285,-234.5,3,967.942,298.7787643056313,-172.5,300
17929,definite,-30.24132521078832,-261.90862129509094,6,967.942,339.7586747892117,-59.90862129509094,300
17929,ambiguous,166.75867478921168,228.90862129509097,17,967.942,339.7586747892117,59.90862129509094,300
17929,erratic,146.7787643056314,251.4999999999999,16,967.942,298.7787643056314,172.4999999999999,300
17929,unexpected,98.76172534185616,239.2853328760474,15,967.942,221.76172534185616,264.2853328760474,300
17929,doubtful,79.99694944735575,268.19395417113833,14,967.942,117.99694944735576,324.19395417113833,300
17929,questionable,-24.999999999999943,289,12,967.942,5.684341886080804e-14,345,300
17929,vague,-75.99694944735569,276.19395417113833,11,967.942,-117.99694944735568,324.19395417113833,300
17929,unknown,21.238274658144064,272.2853328760475,13,967.942,-221.7617253418559,264.2853328760475,300
17929,likely,-12.77876430563117,-223.4999999999999,9,967.942,-298.77876430563117,172.5000000000001,300
17929,risky,-132.75867478921168,241.90862129509097,10,967.942,-339.7586747892117,59.90862129509094,300
17929,uncertain,-111.7586747892118,256.0913787049092,1,967.942,-339.7586747892118,-59.908621295090825,300
17929,improbable,202.2212356943685,219.50000000000023,18,967.942,-298.77876430563146,-172.49999999999977,300
17929,certain,-25.761725341856163,-228.2853328760474,8,967.942,-221.76172534185616,-264.2853328760474,300
17929,confident,-5.996949447355632,-213.19395417113833,7,967.942,-117.99694944735565,-324.19395417113833,300
17887,improbable,-164,-132,7,235.717,0,-345,300
17887,inevitable,236.99694944735575,27.80604582886167,15,235.717,117.99694944735576,-324.19395417113833,300
17887,unknown,-248.23827465814395,59.71466712395261,11,235.717,221.76172534185605,-264.2853328760474,300
17887,unexpected,-84.22123569436872,-233.5,14,235.717,298.7787643056313,-172.5,300
17887,likely,169.75867478921168,53.09137870490906,10,235.717,339.7586747892117,-59.90862129509094,300
17887,erratic,176.75867478921168,-174.09137870490906,4,235.717,339.7586747892117,59.90862129509094,300
17887,certain,230.77876430563128,88.49999999999989,9,235.717,298.7787643056313,172.4999999999999,300
17887,risky,74.76172534185616,-247.7146671239526,5,235.717,221.76172534185616,264.2853328760474,300
17887,ambiguous,-194.00305055264425,126.19395417113832,2,235.717,117.99694944735576,324.19395417113833,300
17887,vague,-120.99999999999994,122,1,235.717,5.684341886080804e-14,345,300
17887,possible,9.003050552644254,258.19395417113833,18,235.717,-117.99694944735568,324.19395417113833,300
17887,confident,177.23827465814406,-19.714667123952495,16,235.717,-221.7617253418559,264.2853328760475,300
17887,predictable,113.22123569436872,203.5000000000001,17,235.717,-298.7787643056312,172.5000000000001,300
17887,doubtful,-140.75867478921168,-49.09137870490906,3,235.717,-339.7586747892117,59.90862129509094,300
17887,definite,187.2413252107882,155.09137870490918,8,235.717,-339.7586747892118,-59.908621295090825,300
17887,uncertain,-113.77876430563146,50.50000000000023,6,235.717,-298.77876430563146,-172.49999999999977,300
17887,frequent,246.23827465814384,-85.28533287604728,13,235.717,-221.76172534185616,-264.2853328760473,300
17887,questionable,-77.99694944735563,206.80604582886167,12,235.717,-117.99694944735565,-324.19395417113833,300
17765,likely,-178,-184,3,314.242,0,-345,300
17765,ambiguous,139.99694944735575,-211.19395417113833,10,314.242,117.99694944735576,-324.19395417113833,300
17765,questionable,247.76172534185605,17.71466712395261,6,314.242,221.76172534185605,-264.2853328760474,300
17765,unknown,192.77876430563128,159.5,12,314.242,298.7787643056313,-172.5,300
17765,uncertain,246.75867478921168,-70.90862129509094,1,314.242,339.7586747892117,-59.90862129509094,300
17765,unexpected,22.75867478921168,244.90862129509097,8,314.242,339.7586747892117,59.90862129509094,300
17765,certain,-254.22123569436872,36.499999999999886,2,314.242,298.7787643056313,172.4999999999999,300
17765,predictable,-44.23827465814384,-250.7146671239526,18,314.242,221.76172534185616,264.2853328760474,300
17765,possible,52.996949447355746,-252.80604582886167,5,314.242,117.99694944735576,324.19395417113833,300
17765,frequent,-123,-227,17,314.242,5.684341886080804e-14,345,300
17765,confident,-220.9969494473557,122.19395417113832,13,314.242,-117.99694944735568,324.19395417113833,300
17765,doubtful,235.2382746581441,97.2853328760475,11,314.242,-221.7617253418559,264.2853328760475,300
17765,improbable,120.22123569436872,216.5000000000001,16,314.242,-298.7787643056312,172.5000000000001,300
17765,vague,199.24132521078832,-147.09137870490906,9,314.242,-339.7586747892117,59.90862129509094,300
17765,inevitable,-226.7586747892118,-123.90862129509082,7,314.242,-339.7586747892118,-59.908621295090825,300
17765,definite,-252.77876430563143,-49.49999999999977,4,314.242,-298.77876430563146,-172.49999999999977,300
17765,erratic,-90.76172534185616,237.71466712395272,14,314.242,-221.76172534185616,-264.2853328760473,300
17765,risky,-162.99694944735563,193.80604582886167,15,314.242,-117.99694944735565,-324.19395417113833,300
17219,erratic,-4,-163,18,191.509,0,-345,300
17219,risky,-51.003050552644254,-97.19395417113832,11,191.509,117.99694944735576,-324.19395417113833,300
17219,likely,-1.2382746581439503,143.7146671239526,12,191.509,221.76172534185605,-264.2853328760474,300
17219,confident,85.77876430563128,110.5,13,191.509,298.7787643056313,-172.5,300
17219,questionable,75.75867478921168,-32.90862129509094,17,191.509,339.7586747892117,-59.90862129509094,300
17219,certain,-7.241325210788318,266.90862129509094,16,191.509,339.7586747892117,59.90862129509094,300
17219,inevitable,59.778764305631285,258.4999999999999,15,191.509,298.7787643056313,172.4999999999999,300
17219,uncertain,-67.23827465814384,-3.714667123952609,14,191.509,221.76172534185616,264.2853328760474,300
17219,improbable,84.99694944735575,-98.80604582886168,4,191.509,117.99694944735576,324.19395417113833,300
17219,frequent,-64.99999999999994,176,1,191.509,5.684341886080804e-14,345,300
17219,ambiguous,10.003050552644254,-93.80604582886168,3,191.509,-117.99694944735568,324.19395417113833,300
17219,possible,5.238274658144064,73.2853328760475,5,191.509,-221.7617253418559,264.2853328760475,300
17219,predictable,54.221235694368715,172.5000000000001,2,191.509,-298.7787643056312,172.5000000000001,300
17219,unknown,3.241325210788318,-267.09137870490906,6,191.509,-339.7586747892117,59.90862129509094,300
17219,vague,7.2413252107882045,-4.908621295090825,7,191.509,-339.7586747892118,-59.908621295090825,300
17219,doubtful,-120.77876430563153,-38.49999999999977,8,191.509,-298.77876430563146,-172.49999999999977,300
17219,definite,-68.76172534185616,257.7146671239527,9,191.509,-221.76172534185616,-264.2853328760473,300
17219,unexpected,-62.99694944735563,-233.19395417113833,10,191.509,-117.99694944735565,-324.19395417113833,300
17755,predictable,233,-65,4,152.254,0,-345,300
17755,likely,191.99694944735575,-129.19395417113833,8,152.254,117.99694944735576,-324.19395417113833,300
17755,unexpected,-97.23827465814396,231.7146671239526,9,152.254,221.76172534185605,-264.2853328760474,300
17755,doubtful,-209.22123569436872,-136.5,18,152.254,298.7787643056313,-172.5,300
17755,certain,258.7586747892117,-0.9086212950909384,6,152.254,339.7586747892117,-59.90862129509094,300
17755,ambiguous,75.75867478921168,237.90862129509097,16,152.254,339.7586747892117,59.90862129509094,300
17755,vague,-160.22123569436872,-198.5000000000001,15,152.254,298.7787643056313,172.4999999999999,300
17755,confident,146.76172534185616,-198.7146671239526,14,152.254,221.76172534185616,264.2853328760474,300
17755,risky,147.99694944735575,194.19395417113833,13,152.254,117.99694944735576,324.19395417113833,300
17755,uncertain,-247,14,2,152.254,5.684341886080804e-14,345,300
17755,definite,-10.99694944735569,-257.80604582886167,1,152.254,-117.99694944735568,324.19395417113833,300
17755,improbable,-169.76172534185594,177.2853328760475,5,152.254,-221.7617253418559,264.2853328760475,300
17755,erratic,-245.77876430563123,-62.499999999999886,12,152.254,-298.7787643056312,172.5000000000001,300
17755,inevitable,73.24132521078832,-245.09137870490903,10,152.254,-339.7586747892117,59.90862129509094,300
17755,unknown,-12.758674789211796,260.0913787049092,3,152.254,-339.7586747892118,-59.908621295090825,300
17755,questionable,-228.77876430563143,104.50000000000024,11,152.254,-298.77876430563146,-172.49999999999977,300
17755,possible,225.23827465814384,110.71466712395272,7,152.254,-221.76172534185616,-264.2853328760473,300
17755,frequent,-85.99694944735563,-233.19395417113833,17,152.254,-117.99694944735565,-324.19395417113833,300
17791,frequent,7,7,11,272.037,0,-345,300
17791,doubtful,-158.00305055264425,-69.19395417113833,17,272.037,117.99694944735576,-324.19395417113833,300
17791,risky,127.76172534185604,-195.2853328760474,16,272.037,221.76172534185605,-264.2853328760474,300
17791,improbable,-133.22123569436872,26.5,14,272.037,298.7787643056313,-172.5,300
17791,inevitable,206.75867478921168,-79.90862129509094,15,272.037,339.7586747892117,-59.90862129509094,300
17791,vague,-61.24132521078832,-120.09137870490906,13,272.037,339.7586747892117,59.90862129509094,300
17791,ambiguous,-106.22123569436872,-196.5000000000001,12,272.037,298.7787643056313,172.4999999999999,300
17791,definite,242.76172534185616,-77.71466712395261,7,272.037,221.76172534185616,264.2853328760474,300
17791,erratic,31.996949447355743,-219.80604582886167,2,272.037,117.99694944735576,324.19395417113833,300
17791,possible,-48.99999999999994,217,1,272.037,5.684341886080804e-14,345,300
17791,certain,147.00305055264425,20.19395417113833,18,272.037,-117.99694944735568,324.19395417113833,300
17791,likely,177.23827465814406,142.2853328760475,5,272.037,-221.7617253418559,264.2853328760475,300
17791,confident,235.22123569436872,24.500000000000114,6,272.037,-298.7787643056312,172.5000000000001,300
17791,predictable,104.24132521078832,186.90862129509097,4,272.037,-339.7586747892117,59.90862129509094,300
17791,questionable,-207.7586747892118,-74.90862129509082,8,272.037,-339.7586747892118,-59.908621295090825,300
17791,unexpected,-218.77876430563143,33.50000000000023,3,272.037,-298.77876430563146,-172.49999999999977,300
17791,unknown,-189.76172534185616,143.71466712395272,9,272.037,-221.76172534185616,-264.2853328760473,300
17791,uncertain,-135.99694944735563,123.80604582886168,10,272.037,-117.99694944735565,-324.19395417113833,300
16266,likely,67,-209,6,106.157,0,-345,300
16266,unexpected,-201.00305055264425,85.80604582886167,3,106.157,117.99694944735576,-324.19395417113833,300
16266,improbable,4.7617253418560495,71.71466712395261,7,106.157,221.76172534185605,-264.2853328760474,300
16266,certain,172.77876430563128,-128.5,2,106.157,298.7787643056313,-172.5,300
16266,definite,215.75867478921168,-105.90862129509094,15,106.157,339.7586747892117,-59.90862129509094,300
16266,inevitable,67.75867478921168,164.90862129509094,16,106.157,339.7586747892117,59.90862129509094,300
16266,possible,-20.221235694368715,-190.5000000000001,4,106.157,298.7787643056313,172.4999999999999,300
16266,ambiguous,-230.23827465814384,-72.71466712395261,17,106.157,221.76172534185616,264.2853328760474,300
16266,confident,152.99694944735575,-80.80604582886167,18,106.157,117.99694944735576,324.19395417113833,300
16266,doubtful,-103.99999999999994,196,1,106.157,5.684341886080804e-14,345,300
16266,uncertain,-135.9969494473557,-51.80604582886167,9,106.157,-117.99694944735568,324.19395417113833,300
16266,risky,23.238274658144064,243.2853328760475,10,106.157,-221.7617253418559,264.2853328760475,300
16266,questionable,-183.77876430563123,-45.499999999999886,11,106.157,-298.7787643056312,172.5000000000001,300
16266,vague,-176.75867478921168,-84.09137870490906,8,106.157,-339.7586747892117,59.90862129509094,300
16266,frequent,49.241325210788204,-126.90862129509082,12,106.157,-339.7586747892118,-59.908621295090825,300
16266,predictable,175.2212356943685,-162.49999999999977,13,106.157,-298.77876430563146,-172.49999999999977,300
16266,erratic,134.23827465814384,46.71466712395272,14,106.157,-221.76172534185616,-264.2853328760473,300
16266,unknown,-136.99694944735563,164.80604582886167,5,106.157,-117.99694944735565,-324.19395417113833,300
17824,ambiguous,-95,-197,11,141.468,0,-345,300
17824,unknown,-77.00305055264425,52.80604582886167,12,141.468,117.99694944735576,-324.19395417113833,300
17824,erratic,68.76172534185605,56.71466712395261,8,141.468,221.76172534185605,-264.2853328760474,300
17824,risky,227.77876430563128,98.5,6,141.468,298.7787643056313,-172.5,300
17824,questionable,-168.24132521078832,184.09137870490903,3,141.468,339.7586747892117,-59.90862129509094,300
17824,vague,-219.24132521078832,120.90862129509094,4,141.468,339.7586747892117,59.90862129509094,300
17824,unexpected,56.778764305631285,159.4999999999999,2,141.468,298.7787643056313,172.4999999999999,300
17824,uncertain,-126.23827465814384,238.2853328760474,7,141.468,221.76172534185616,264.2853328760474,300
17824,predictable,94.99694944735576,-207.80604582886167,9,141.468,117.99694944735576,324.19395417113833,300
17824,confident,248,-47,10,141.468,5.684341886080804e-14,345,300
17824,doubtful,-22.99694944735569,168.19395417113833,1,141.468,-117.99694944735568,324.19395417113833,300
17824,possible,9.238274658144064,-15.714667123952497,16,141.468,-221.7617253418559,264.2853328760475,300
17824,certain,213.22123569436872,-112.49999999999989,5,141.468,-298.7787643056312,172.5000000000001,300
17824,improbable,28.24132521078832,231.90862129509097,13,141.468,-339.7586747892117,59.90862129509094,300
17824,frequent,77.2413252107882,-88.90862129509082,17,141.468,-339.7586747892118,-59.908621295090825,300
17824,definite,172.2212356943685,-170.49999999999977,14,141.468,-298.77876430563146,-172.49999999999977,300
17824,likely,130.23827465814384,-125.28533287604728,18,141.468,-221.76172534185616,-264.2853328760473,300
17824,inevitable,255.00305055264437,22.80604582886167,15,141.468,-117.99694944735565,-324.19395417113833,300
