sub,trial,uncertain_word,external,rt,user_id
1,1,predictable,10,6.498,16534
1,2,likely,12,4.217,16534
1,3,definite,12,2.047,16534
1,4,erratic,79,4.033,16534
1,5,ambiguous,78,1.738,16534
1,6,questionable,83,1.994,16534
1,7,doubtful,35,2.107,16534
1,8,improbable,33,1.397,16534
1,9,confident,18,52.861,16534
1,10,unknown,85,6.593,16534
1,11,uncertain,81,1.529,16534
1,12,vague,82,1.429,16534
1,13,possible,74,1.794,16534
1,14,frequent,13,2.372,16534
1,15,unexpected,73,2.859,16534
1,16,inevitable,12,2.116,16534
1,17,risky,76,2.832,16534
1,18,certain,10,5.13,16534
2,1,inevitable,82,11.114,17753
2,2,doubtful,51,11.439,17753
2,3,predictable,63,7.229,17753
2,4,questionable,44,4.562,17753
2,5,unexpected,83,4.498,17753
2,6,frequent,39,3.843,17753
2,7,confident,55,3.645,17753
2,8,improbable,100,5.528,17753
2,9,uncertain,100,2.784,17753
2,10,unknown,70,3.323,17753
2,11,risky,62,2.792,17753
2,12,definite,51,3.455,17753
2,13,ambiguous,60,4.259,17753
2,14,certain,61,2.987,17753
2,15,erratic,52,3.817,17753
2,16,possible,60,5.96,17753
2,17,likely,70,3.119,17753
2,18,vague,57,8.936,17753
4,1,definite,0,32.711,17805
4,2,doubtful,61,11.6,17805
4,3,vague,70,4.083,17805
4,4,likely,40,4.756,17805
4,5,frequent,41,2.406,17805
4,6,inevitable,3,7.369,17805
4,7,unexpected,92,3.634,17805
4,8,questionable,62,3.475,17805
4,9,predictable,42,2.545,17805
4,10,possible,100,4.992,17805
4,11,unknown,98,4.335,17805
4,12,improbable,40,6.582,17805
4,13,certain,0,3.707,17805
4,14,erratic,72,4.401,17805
4,15,uncertain,100,2.453,17805
4,16,risky,81,2.957,17805
4,17,ambiguous,100,2.642,17805
4,18,confident,10,4.594,17805
6,1,erratic,43,6.478,17542
6,2,ambiguous,47,3.18,17542
6,3,definite,51,4.278,17542
6,4,likely,40,5.548,17542
6,5,unexpected,72,3.857,17542
6,6,questionable,49,3.734,17542
6,7,improbable,61,3.515,17542
6,8,frequent,67,3.656,17542
6,9,inevitable,41,3.118,17542
6,10,uncertain,70,4.014,17542
6,11,doubtful,31,3.088,17542
6,12,confident,51,3.212,17542
6,13,predictable,60,3.935,17542
6,14,risky,50,3.626,17542
6,15,possible,37,3.618,17542
6,16,unknown,40,2.765,17542
6,17,certain,39,3.922,17542
6,18,vague,32,3.156,17542
8,1,certain,50,17.324,17778
8,2,risky,50,6.874,17778
8,3,definite,0,4.948,17778
8,4,predictable,17,6.266,17778
8,5,unknown,64,11.314,17778
8,6,doubtful,12,5.009,17778
8,7,likely,50,3.257,17778
8,8,ambiguous,35,6.056,17778
8,9,unexpected,80,3.911,17778
8,10,improbable,0,3.886,17778
8,11,questionable,0,4.16,17778
8,12,vague,30,5.669,17778
8,13,inevitable,81,3.712,17778
8,14,possible,50,4.054,17778
8,15,uncertain,50,4.36,17778
8,16,confident,0,3.264,17778
8,17,frequent,50,3.527,17778
8,18,erratic,30,4.254,17778
10,1,questionable,24,6.996,17814
10,2,likely,100,3.893,17814
10,3,uncertain,62,3.759,17814
10,4,unexpected,78,3.123,17814
10,5,certain,96,3.514,17814
10,6,unknown,79,2.944,17814
10,7,vague,74,2.411,17814
10,8,doubtful,19,2.344,17814
10,9,inevitable,100,4.066,17814
10,10,predictable,63,2.994,17814
10,11,improbable,1,5.722,17814
10,12,frequent,74,3.779,17814
10,13,possible,40,5.887,17814
10,14,risky,13,3.331,17814
10,15,confident,4,2.216,17814
10,16,ambiguous,77,3.531,17814
10,17,erratic,70,2.433,17814
10,18,definite,76,2.284,17814
11,1,risky,33,11.638,17889
11,2,likely,4,3.379,17889
11,3,improbable,65,4.762,17889
11,4,erratic,11,5.692,17889
11,5,unknown,84,3.73,17889
11,6,predictable,27,3.201,17889
11,7,certain,10,2.6,17889
11,8,ambiguous,66,2.96,17889
11,9,uncertain,27,4.136,17889
11,10,definite,22,4.294,17889
11,11,confident,15,2.606,17889
11,12,unexpected,72,3.856,17889
11,13,possible,69,3.105,17889
11,14,doubtful,18,5.519,17889
11,15,frequent,61,2.872,17889
11,16,vague,49,2.997,17889
11,17,questionable,15,3.535,17889
11,18,inevitable,33,3.692,17889
12,1,unexpected,31,7.452,17864
12,2,frequent,70,3.583,17864
12,3,unknown,19,4.659,17864
12,4,certain,21,3.186,17864
12,5,risky,80,2.981,17864
12,6,doubtful,25,3,17864
12,7,improbable,76,2.275,17864
12,8,erratic,90,6.026,17864
12,9,possible,73,2.683,17864
12,10,vague,89,2.826,17864
12,11,ambiguous,41,3.207,17864
12,12,confident,22,4.787,17864
12,13,likely,67,2.791,17864
12,14,definite,88,9.999,17864
12,15,inevitable,69,2.469,17864
12,16,predictable,29,2.265,17864
12,17,uncertain,40,4.137,17864
12,18,questionable,72,4.526,17864
13,1,ambiguous,33,18.686,17232
13,2,improbable,75,2.293,17232
13,3,vague,21,1.576,17232
13,4,frequent,52,3.497,17232
13,5,likely,64,2.078,17232
13,6,definite,88,2.226,17232
13,7,possible,54,2.195,17232
13,8,erratic,15,1.429,17232
13,9,certain,92,1.61,17232
13,10,unexpected,31,2.566,17232
13,11,predictable,100,1.783,17232
13,12,inevitable,100,2.082,17232
13,13,risky,40,2.019,17232
13,14,doubtful,10,1.475,17232
13,15,confident,36,4.725,17232
13,16,questionable,31,1.485,17232
13,17,unknown,14,1.601,17232
13,18,uncertain,3,1.677,17232
15,1,doubtful,4,6.66,17902
15,2,uncertain,15,2.326,17902
15,3,definite,100,2.048,17902
15,4,inevitable,100,1.85,17902
15,5,vague,29,2.09,17902
15,6,questionable,46,2.57,17902
15,7,possible,66,4.186,17902
15,8,unexpected,5,5.141,17902
15,9,risky,91,1.985,17902
15,10,confident,1,1.952,17902
15,11,likely,59,2.678,17902
15,12,predictable,100,2.119,17902
15,13,unknown,100,1.822,17902
15,14,certain,99,3.146,17902
15,15,improbable,74,3.29,17902
15,16,ambiguous,50,6.429,17902
15,17,erratic,40,2.537,17902
15,18,frequent,76,2.54,17902
16,1,possible,65,9.057,17666
16,2,inevitable,94,7.048,17666
16,3,risky,73,4.722,17666
16,4,ambiguous,22,3.244,17666
16,5,questionable,22,2.262,17666
16,6,vague,27,1.9,17666
16,7,uncertain,78,1.852,17666
16,8,unexpected,22,68.806,17666
16,9,erratic,30,2.345,17666
16,10,predictable,86,2.197,17666
16,11,confident,31,6.733,17666
16,12,doubtful,37,2.267,17666
16,13,definite,26,2.756,17666
16,14,improbable,72,1.846,17666
16,15,certain,28,1.858,17666
16,16,unknown,80,2.227,17666
16,17,frequent,35,1.64,17666
16,18,likely,25,1.735,17666
17,1,likely,32,6.893,17790
17,2,questionable,71,18.711,17790
17,3,predictable,30,8.101,17790
17,4,risky,81,2.338,17790
17,5,confident,12,3.408,17790
17,6,certain,40,3.965,17790
17,7,doubtful,26,2.695,17790
17,8,erratic,19,1.954,17790
17,9,uncertain,46,3.705,17790
17,10,ambiguous,83,8.81,17790
17,11,definite,95,2.755,17790
17,12,frequent,78,2.56,17790
17,13,unexpected,71,2.933,17790
17,14,vague,40,1.971,17790
17,15,inevitable,94,3.201,17790
17,16,improbable,74,5.879,17790
17,17,possible,60,1.94,17790
17,18,unknown,70,4.285,17790
18,1,erratic,45,12.989,17920
18,2,doubtful,79,4.523,17920
18,3,risky,56,4.386,17920
18,4,inevitable,76,2.484,17920
18,5,unexpected,78,2.733,17920
18,6,possible,76,1.673,17920
18,7,definite,58,2.587,17920
18,8,improbable,56,1.5,17920
18,9,unknown,50,2.567,17920
18,10,frequent,57,1.65,17920
18,11,likely,58,1.443,17920
18,12,confident,66,2.565,17920
18,13,vague,60,2.347,17920
18,14,questionable,56,1.276,17920
18,15,uncertain,64,1.36,17920
18,16,predictable,54,1.872,17920
18,17,certain,58,1.995,17920
18,18,ambiguous,66,1.881,17920
19,1,doubtful,66,11.493,17905
19,2,inevitable,35,7.694,17905
19,3,possible,25,3.304,17905
19,4,frequent,50,14.273,17905
19,5,vague,19,2.63,17905
19,6,predictable,32,29.353,17905
19,7,ambiguous,51,3.216,17905
19,8,confident,37,3.068,17905
19,9,uncertain,82,4.705,17905
19,10,unexpected,89,2.909,17905
19,11,definite,32,2.711,17905
19,12,questionable,78,3.101,17905
19,13,risky,77,6.395,17905
19,14,unknown,81,3.6,17905
19,15,erratic,83,4.167,17905
19,16,certain,34,13.029,17905
19,17,improbable,34,2.792,17905
19,18,likely,36,3.727,17905
20,1,risky,73,8.894,17857
20,2,likely,43,2.274,17857
20,3,possible,52,2.517,17857
20,4,frequent,41,4.964,17857
20,5,inevitable,17,3.133,17857
20,6,erratic,92,3.174,17857
20,7,unknown,63,4.102,17857
20,8,definite,58,4.487,17857
20,9,uncertain,55,2.444,17857
20,10,predictable,49,2.476,17857
20,11,unexpected,95,2.225,17857
20,12,certain,24,1.942,17857
20,13,doubtful,39,9.618,17857
20,14,improbable,28,6.819,17857
20,15,confident,27,3.458,17857
20,16,vague,100,2.933,17857
20,17,questionable,42,1.947,17857
20,18,ambiguous,55,3.829,17857
22,1,definite,61,11.02,17912
22,2,unexpected,88,2.613,17912
22,3,unknown,91,1.908,17912
22,4,certain,69,2.656,17912
22,5,inevitable,69,2.369,17912
22,6,confident,14,3.437,17912
22,7,possible,72,2.93,17912
22,8,doubtful,11,1.907,17912
22,9,erratic,58,3.242,17912
22,10,likely,75,3.073,17912
22,11,improbable,76,5.647,17912
22,12,frequent,61,25.747,17912
22,13,predictable,68,2.628,17912
22,14,ambiguous,73,3.294,17912
22,15,questionable,72,3.922,17912
22,16,risky,68,4.206,17912
22,17,uncertain,81,3.217,17912
22,18,vague,76,2.524,17912
23,1,risky,18,6.267,17899
23,2,frequent,43,1.351,17899
23,3,unknown,41,2.674,17899
23,4,definite,61,10.576,17899
23,5,possible,48,1.251,17899
23,6,erratic,50,1.929,17899
23,7,confident,76,2.802,17899
23,8,ambiguous,54,1.747,17899
23,9,questionable,50,2.253,17899
23,10,likely,62,2.125,17899
23,11,certain,75,4.096,17899
23,12,uncertain,43,2.729,17899
23,13,improbable,42,31.86,17899
23,14,doubtful,38,2.706,17899
23,15,vague,45,103.896,17899
23,16,inevitable,94,2.555,17899
23,17,predictable,51,1.898,17899
23,18,unexpected,41,2.716,17899
24,1,questionable,42,15.198,17749
24,2,unknown,7,3.765,17749
24,3,frequent,30,9.913,17749
24,4,doubtful,6,8.529,17749
24,5,certain,90,11.31,17749
24,6,possible,19,6.081,17749
24,7,likely,23,4.449,17749
24,8,improbable,91,7.984,17749
24,9,unexpected,39,5.887,17749
24,10,inevitable,97,5.383,17749
24,11,erratic,29,3.906,17749
24,12,ambiguous,5,5.022,17749
24,13,confident,2,4.248,17749
24,14,uncertain,3,4.004,17749
24,15,vague,22,13.4,17749
24,16,definite,93,6.785,17749
24,17,risky,62,12.073,17749
24,18,predictable,54,4.596,17749
25,1,questionable,20,9.94,17913
25,2,unexpected,30,6.126,17913
25,3,definite,80,4.934,17913
25,4,erratic,80,5.638,17913
25,5,predictable,0,4.896,17913
25,6,possible,0,2.62,17913
25,7,confident,0,6.534,17913
25,8,vague,0,2.111,17913
25,9,doubtful,0,1.225,17913
25,10,risky,2,1.408,17913
25,11,certain,21,2.749,17913
25,12,uncertain,24,1.1,17913
25,13,likely,42,3.149,17913
25,14,frequent,59,1.704,17913
25,15,improbable,84,2.82,17913
25,16,unknown,27,3.34,17913
25,17,ambiguous,27,2.035,17913
25,18,inevitable,100,1.983,17913
26,1,confident,10,12.882,17907
26,2,frequent,77,2.208,17907
26,3,unexpected,77,12.908,17907
26,4,improbable,81,15.782,17907
26,5,definite,100,7.718,17907
26,6,likely,50,16.85,17907
26,7,inevitable,100,4.877,17907
26,8,ambiguous,19,4.916,17907
26,9,predictable,95,5.592,17907
26,10,vague,74,3.593,17907
26,11,possible,51,9.78,17907
26,12,doubtful,15,14.415,17907
26,13,certain,21,2.451,17907
26,14,questionable,24,2.85,17907
26,15,risky,7,1.405,17907
26,16,erratic,71,4.184,17907
26,17,unknown,100,3.367,17907
26,18,uncertain,20,1.797,17907
27,1,uncertain,83,5.355,17741
27,2,improbable,81,3.04,17741
27,3,frequent,75,2.615,17741
27,4,definite,81,3.332,17741
27,5,unexpected,94,2.427,17741
27,6,doubtful,49,3.336,17741
27,7,unknown,85,2.942,17741
27,8,inevitable,92,3.376,17741
27,9,predictable,60,3.452,17741
27,10,questionable,43,6.469,17741
27,11,possible,51,3.424,17741
27,12,erratic,72,4.179,17741
27,13,confident,8,3.105,17741
27,14,risky,50,4.646,17741
27,15,certain,74,2.838,17741
27,16,vague,83,2.68,17741
27,17,likely,81,2.399,17741
27,18,ambiguous,89,2.334,17741
28,1,unexpected,85,23.18,17960
28,2,doubtful,60,11.01,17960
28,3,inevitable,97,4.853,17960
28,4,confident,10,5.951,17960
28,5,improbable,60,6.377,17960
28,6,erratic,90,21.338,17960
28,7,uncertain,9,4.692,17960
28,8,likely,85,6.204,17960
28,9,questionable,60,10.127,17960
28,10,ambiguous,49,8.779,17960
28,11,possible,49,12.377,17960
28,12,definite,95,6.078,17960
28,13,unknown,92,8.106,17960
28,14,risky,65,7.912,17960
28,15,certain,80,5.831,17960
28,16,predictable,60,4.712,17960
28,17,vague,90,5.106,17960
28,18,frequent,98,5.465,17960
30,1,unexpected,90,8.005,17890
30,2,unknown,29,4.462,17890
30,3,improbable,86,4.387,17890
30,4,certain,58,2.529,17890
30,5,definite,66,2.758,17890
30,6,uncertain,59,3.516,17890
30,7,frequent,39,3.278,17890
30,8,doubtful,25,2.373,17890
30,9,questionable,32,2.268,17890
30,10,predictable,99,3.387,17890
30,11,ambiguous,7,3.597,17890
30,12,confident,12,2.442,17890
30,13,possible,100,3.337,17890
30,14,erratic,86,2.391,17890
30,15,inevitable,100,2.222,17890
30,16,likely,79,2.476,17890
30,17,vague,63,3.93,17890
30,18,risky,32,3.013,17890
31,1,confident,0,9.881,17773
31,2,vague,0,2.782,17773
31,3,risky,82,9.76,17773
31,4,certain,0,2.6,17773
31,5,frequent,60,13.4,17773
31,6,ambiguous,50,4.328,17773
31,7,likely,91,14.043,17773
31,8,erratic,10,14.128,17773
31,9,uncertain,50,5.112,17773
31,10,unknown,50,3.177,17773
31,11,inevitable,76,39.599,17773
31,12,unexpected,69,18.244,17773
31,13,doubtful,29,43.361,17773
31,14,improbable,100,13.335,17773
31,15,possible,50,7.276,17773
31,16,predictable,0,3.87,17773
31,17,definite,0,3.264,17773
31,18,questionable,24,11.232,17773
32,1,inevitable,80,19.569,17775
32,2,ambiguous,20,4.656,17775
32,3,definite,80,8.497,17775
32,4,possible,30,3.296,17775
32,5,doubtful,20,6.788,17775
32,6,certain,80,8.694,17775
32,7,unknown,80,16.424,17775
32,8,confident,20,3.686,17775
32,9,frequent,80,4.608,17775
32,10,uncertain,40,7.724,17775
32,11,questionable,40,5.906,17775
32,12,unexpected,80,10.051,17775
32,13,improbable,80,7.136,17775
32,14,risky,40,6.993,17775
32,15,vague,80,9.126,17775
32,16,predictable,80,7.049,17775
32,17,likely,80,6.052,17775
32,18,erratic,80,4.176,17775
33,1,predictable,72,15.149,17958
33,2,doubtful,21,5.872,17958
33,3,risky,100,7.877,17958
33,4,questionable,24,3.817,17958
33,5,vague,100,1.895,17958
33,6,uncertain,51,4.767,17958
33,7,likely,25,5.251,17958
33,8,inevitable,100,7.443,17958
33,9,erratic,100,3.859,17958
33,10,improbable,33,3.315,17958
33,11,unknown,50,3.538,17958
33,12,ambiguous,51,2.636,17958
33,13,frequent,81,3.858,17958
33,14,unexpected,100,3.491,17958
33,15,certain,23,8.13,17958
33,16,definite,17,6.798,17958
33,17,possible,43,3.304,17958
33,18,confident,47,4.383,17958
34,1,confident,0,30.738,17829
34,2,frequent,63,5.998,17829
34,3,erratic,100,7.541,17829
34,4,doubtful,18,3.374,17829
34,5,unknown,50,5.104,17829
34,6,ambiguous,48,2.817,17829
34,7,uncertain,25,6.758,17829
34,8,inevitable,0,5.79,17829
34,9,possible,78,10.373,17829
34,10,likely,33,6.843,17829
34,11,predictable,11,4.018,17829
34,12,certain,0,8.022,17829
34,13,risky,69,5.06,17829
34,14,definite,0,5.224,17829
34,15,unexpected,98,3.446,17829
34,16,questionable,16,4.388,17829
34,17,vague,93,4.97,17829
34,18,improbable,53,5.635,17829
35,1,unknown,90,5.155,17819
35,2,inevitable,88,2.798,17819
35,3,improbable,67,2.751,17819
35,4,erratic,47,3.969,17819
35,5,likely,92,6.554,17819
35,6,confident,6,1.994,17819
35,7,risky,47,3.866,17819
35,8,possible,80,2.596,17819
35,9,certain,9,2.321,17819
35,10,predictable,49,5.437,17819
35,11,vague,49,2.618,17819
35,12,doubtful,29,14.965,17819
35,13,frequent,77,3.41,17819
35,14,definite,93,3.422,17819
35,15,unexpected,18,2.165,17819
35,16,uncertain,8,2.26,17819
35,17,questionable,47,4.101,17819
35,18,ambiguous,85,4.421,17819
36,1,possible,80,17.027,17747
36,2,frequent,70,14.869,17747
36,3,uncertain,70,10,17747
36,4,vague,80,6.937,17747
36,5,predictable,30,25.702,17747
36,6,erratic,70,12.078,17747
36,7,unexpected,80,9.82,17747
36,8,inevitable,80,18.96,17747
36,9,certain,60,16.137,17747
36,10,ambiguous,20,5.505,17747
36,11,risky,60,11.865,17747
36,12,questionable,10,5.064,17747
36,13,confident,20,5.984,17747
36,14,likely,70,4.769,17747
36,15,doubtful,30,4.993,17747
36,16,unknown,70,20.745,17747
36,17,improbable,70,8.468,17747
36,18,definite,30,6.61,17747
37,1,uncertain,96,9.732,17739
37,2,certain,93,2.431,17739
37,3,inevitable,93,3.145,17739
37,4,likely,95,5.168,17739
37,5,predictable,75,7.574,17739
37,6,questionable,60,3.399,17739
37,7,unexpected,94,9.536,17739
37,8,risky,80,8.115,17739
37,9,possible,93,5.827,17739
37,10,doubtful,26,3.26,17739
37,11,confident,44,3,17739
37,12,erratic,75,3.747,17739
37,13,vague,75,6.303,17739
37,14,definite,92,3.929,17739
37,15,improbable,84,5.134,17739
37,16,unknown,95,3.142,17739
37,17,ambiguous,85,6.531,17739
37,18,frequent,28,2.525,17739
38,1,likely,62,12.275,17316
38,2,confident,4,4.957,17316
38,3,unexpected,41,6.874,17316
38,4,erratic,7,2.368,17316
38,5,risky,4,2.546,17316
38,6,inevitable,100,4.696,17316
38,7,predictable,60,5.577,17316
38,8,unknown,81,3.806,17316
38,9,vague,20,4.499,17316
38,10,certain,100,2.491,17316
38,11,improbable,28,5.079,17316
38,12,questionable,5,4.76,17316
38,13,ambiguous,6,6.525,17316
38,14,definite,83,3.928,17316
38,15,uncertain,72,2.494,17316
38,16,possible,52,2.578,17316
38,17,doubtful,29,44.921,17316
38,18,frequent,65,2.991,17316
40,1,certain,65,27.524,17855
40,2,vague,10,11.48,17855
40,3,inevitable,80,28.669,17855
40,4,erratic,10,7.849,17855
40,5,confident,40,5.305,17855
40,6,ambiguous,100,5.652,17855
40,7,possible,65,15.898,17855
40,8,definite,73,4.877,17855
40,9,unexpected,100,7.184,17855
40,10,questionable,90,14.122,17855
40,11,unknown,100,8.761,17855
40,12,doubtful,10,19.1,17855
40,13,improbable,90,9.272,17855
40,14,uncertain,100,3.925,17855
40,15,risky,80,12.817,17855
40,16,frequent,50,21.379,17855
40,17,predictable,75,4.862,17855
40,18,likely,80,6.935,17855
41,1,predictable,100,6.416,17604
41,2,ambiguous,61,4.668,17604
41,3,likely,77,6.082,17604
41,4,erratic,41,3.851,17604
41,5,inevitable,90,5.817,17604
41,6,confident,0,9.841,17604
41,7,doubtful,0,23.4,17604
41,8,definite,86,4.711,17604
41,9,certain,58,6.586,17604
41,10,questionable,44,5.676,17604
41,11,frequent,90,5.94,17604
41,12,unknown,0,11.376,17604
41,13,risky,14,3.691,17604
41,14,uncertain,42,5.204,17604
41,15,improbable,86,5.139,17604
41,16,possible,75,3.914,17604
41,17,vague,38,4.159,17604
41,18,unexpected,20,10.322,17604
42,1,certain,14,6.315,17885
42,2,likely,13,1.924,17885
42,3,ambiguous,15,1.946,17885
42,4,risky,23,8.688,17885
42,5,confident,0,2.386,17885
42,6,erratic,26,1.915,17885
42,7,doubtful,4,6.251,17885
42,8,unknown,90,3.958,17885
42,9,questionable,42,1.756,17885
42,10,possible,74,3.074,17885
42,11,predictable,73,2.184,17885
42,12,uncertain,66,1.634,17885
42,13,inevitable,44,1.663,17885
42,14,unexpected,33,2.721,17885
42,15,improbable,58,1.579,17885
42,16,vague,66,2.363,17885
42,17,definite,37,1.793,17885
42,18,frequent,63,1.865,17885
43,1,uncertain,71,6.063,16939
43,2,unknown,50,2.972,16939
43,3,predictable,12,2.93,16939
43,4,likely,46,3.727,16939
43,5,confident,9,3.023,16939
43,6,certain,15,2.651,16939
43,7,unexpected,81,3.07,16939
43,8,inevitable,42,2.435,16939
43,9,ambiguous,27,3.565,16939
43,10,doubtful,51,2.338,16939
43,11,improbable,50,9.845,16939
43,12,questionable,45,4.443,16939
43,13,definite,24,12.753,16939
43,14,erratic,43,2.863,16939
43,15,risky,66,5.178,16939
43,16,vague,65,2.406,16939
43,17,possible,67,2.437,16939
43,18,frequent,37,2.922,16939
44,1,unexpected,62,12.393,17834
44,2,unknown,67,2.891,17834
44,3,improbable,55,3.272,17834
44,4,uncertain,73,3.125,17834
44,5,predictable,50,4.788,17834
44,6,risky,38,3.751,17834
44,7,ambiguous,37,4.969,17834
44,8,likely,51,3.407,17834
44,9,possible,50,1.898,17834
44,10,vague,21,7.107,17834
44,11,erratic,13,2.436,17834
44,12,confident,32,5.176,17834
44,13,doubtful,20,4.986,17834
44,14,questionable,23,3.398,17834
44,15,certain,56,6.551,17834
44,16,frequent,51,3.858,17834
44,17,inevitable,79,6.791,17834
44,18,definite,51,4.829,17834
45,1,inevitable,20,19.625,17800
45,2,certain,28,15.914,17800
45,3,unknown,26,15.72,17800
45,4,risky,62,9.191,17800
45,5,confident,10,6.195,17800
45,6,questionable,68,7.012,17800
45,7,uncertain,70,10.433,17800
45,8,predictable,30,9.125,17800
45,9,improbable,10,11.59,17800
45,10,frequent,18,8.224,17800
45,11,likely,16,6.362,17800
45,12,unexpected,15,6.661,17800
45,13,vague,20,4.268,17800
45,14,definite,9,4.927,17800
45,15,possible,57,8.27,17800
45,16,ambiguous,78,5.791,17800
45,17,doubtful,47,6.526,17800
45,18,erratic,20,7.986,17800
46,1,risky,89,9.836,17933
46,2,erratic,89,3.367,17933
46,3,improbable,85,9.039,17933
46,4,certain,82,10.835,17933
46,5,vague,89,5.125,17933
46,6,doubtful,62,12.45,17933
46,7,uncertain,64,5.933,17933
46,8,frequent,88,7.061,17933
46,9,unexpected,69,6.607,17933
46,10,inevitable,85,11.864,17933
46,11,predictable,75,12.573,17933
46,12,ambiguous,52,10.31,17933
46,13,questionable,32,14.372,17933
46,14,unknown,42,7.912,17933
46,15,likely,61,10.279,17933
46,16,possible,66,7,17933
46,17,definite,66,6.874,17933
46,18,confident,42,7.237,17933
47,1,doubtful,58,11.64,17869
47,2,vague,99,7.381,17869
47,3,uncertain,76,4.939,17869
47,4,definite,65,2.509,17869
47,5,questionable,79,3.95,17869
47,6,inevitable,99,3.352,17869
47,7,likely,66,4.488,17869
47,8,unexpected,34,2.315,17869
47,9,improbable,67,5.404,17869
47,10,possible,58,2.707,17869
47,11,predictable,91,3.588,17869
47,12,ambiguous,24,3.103,17869
47,13,frequent,75,6.281,17869
47,14,certain,66,5.834,17869
47,15,erratic,83,3.055,17869
47,16,unknown,37,4.79,17869
47,17,risky,19,6.473,17869
47,18,confident,21,2.003,17869
48,1,definite,96,6.458,17925
48,2,risky,31,11.782,17925
48,3,inevitable,98,7.74,17925
48,4,erratic,5,6.543,17925
48,5,predictable,97,2.992,17925
48,6,possible,49,3.575,17925
48,7,unexpected,66,8.822,17925
48,8,improbable,64,4.322,17925
48,9,uncertain,8,4.333,17925
48,10,confident,30,18.691,17925
48,11,doubtful,52,6.199,17925
48,12,likely,82,3.212,17925
48,13,vague,17,7.453,17925
48,14,unknown,61,9.11,17925
48,15,certain,89,8.576,17925
48,16,frequent,95,4.302,17925
48,17,ambiguous,74,5.195,17925
48,18,questionable,67,6.19,17925
49,1,confident,89,17.087,17929
49,2,definite,75,8.334,17929
49,3,doubtful,67,3.797,17929
49,4,unexpected,82,4.671,17929
49,5,ambiguous,30,3.211,17929
49,6,uncertain,71,2.973,17929
49,7,likely,81,3.5,17929
49,8,improbable,29,2.877,17929
49,9,unknown,71,3.329,17929
49,10,vague,19,3.898,17929
49,11,predictable,72,7.139,17929
49,12,risky,71,5.398,17929
49,13,possible,81,4.764,17929
49,14,inevitable,45,4.661,17929
49,15,frequent,67,3.425,17929
49,16,erratic,36,3.9,17929
49,17,certain,77,4.167,17929
49,18,questionable,81,2.793,17929
50,1,certain,60,12.237,17887
50,2,ambiguous,80,4.271,17887
50,3,definite,77,5.589,17887
50,4,risky,82,4.598,17887
50,5,vague,61,2.753,17887
50,6,questionable,83,4.257,17887
50,7,unknown,99,3.456,17887
50,8,unexpected,81,2.979,17887
50,9,erratic,41,5.205,17887
50,10,predictable,60,9.246,17887
50,11,possible,40,4.4,17887
50,12,confident,30,11.775,17887
50,13,inevitable,98,54.251,17887
50,14,improbable,74,4.216,17887
50,15,likely,70,4.842,17887
50,16,frequent,81,7.069,17887
50,17,uncertain,88,73.026,17887
50,18,doubtful,40,48.709,17887
52,1,questionable,51,9.204,17219
52,2,doubtful,35,7.077,17219
52,3,vague,13,2.281,17219
52,4,uncertain,1,5.136,17219
52,5,predictable,55,6.692,17219
52,6,definite,100,4.289,17219
52,7,ambiguous,47,2.4,17219
52,8,unknown,0,5.094,17219
52,9,risky,40,5.364,17219
52,10,frequent,79,8.244,17219
52,11,certain,100,2.585,17219
52,12,possible,66,2.642,17219
52,13,confident,25,4.312,17219
52,14,erratic,7,5.266,17219
52,15,likely,55,2.801,17219
52,16,improbable,43,2.945,17219
52,17,inevitable,100,2.906,17219
52,18,unexpected,100,5.131,17219
53,1,erratic,81,5.004,17755
53,2,questionable,28,3.26,17755
53,3,doubtful,35,3.616,17755
53,4,ambiguous,51,2.287,17755
53,5,risky,30,2.565,17755
53,6,unexpected,74,2.011,17755
53,7,possible,37,2.34,17755
53,8,definite,75,1.905,17755
53,9,vague,80,2.335,17755
53,10,frequent,37,2.353,17755
53,11,predictable,78,3.316,17755
53,12,uncertain,85,1.966,17755
53,13,improbable,74,2.542,17755
53,14,inevitable,3,2.306,17755
53,15,unknown,0,2.127,17755
53,16,certain,60,2.686,17755
53,17,likely,40,1.81,17755
53,18,confident,30,1.844,17755
54,1,confident,2,11.268,17765
54,2,erratic,91,9.151,17765
54,3,risky,77,7.71,17765
54,4,unknown,91,4.766,17765
54,5,improbable,23,9.24,17765
54,6,certain,5,14.169,17765
54,7,inevitable,5,11.879,17765
54,8,questionable,61,7.219,17765
54,9,definite,5,7.433,17765
54,10,doubtful,70,5.686,17765
54,11,uncertain,65,5.985,17765
54,12,likely,35,5.954,17765
54,13,ambiguous,63,6.549,17765
54,14,vague,91,3.277,17765
54,15,possible,52,8.687,17765
54,16,frequent,39,4.356,17765
54,17,unexpected,85,11.175,17765
54,18,predictable,18,6.882,17765
55,1,predictable,90,12.641,17791
55,2,questionable,70,5.857,17791
55,3,uncertain,40,5.072,17791
55,4,unknown,100,2.45,17791
55,5,improbable,80,6.714,17791
55,6,ambiguous,90,5.549,17791
55,7,risky,65,5.032,17791
55,8,erratic,40,3.517,17791
55,9,unexpected,90,9.113,17791
55,10,possible,95,3.207,17791
55,11,likely,85,4.638,17791
55,12,frequent,50,3.786,17791
55,13,vague,40,3.898,17791
55,14,certain,100,3.041,17791
55,15,inevitable,100,9.786,17791
55,16,definite,100,4.678,17791
55,17,doubtful,45,5.964,17791
55,18,confident,30,3.583,17791
57,1,doubtful,32,4.587,16266
57,2,possible,31,4.001,16266
57,3,improbable,27,2.53,16266
57,4,uncertain,42,1.74,16266
57,5,frequent,39,3.651,16266
57,6,unknown,81,4.16,16266
57,7,predictable,61,3.774,16266
57,8,certain,18,3.688,16266
57,9,questionable,81,3.791,16266
57,10,likely,62,1.975,16266
57,11,inevitable,9,3.362,16266
57,12,vague,39,2.365,16266
57,13,confident,52,2.472,16266
57,14,risky,91,2.901,16266
57,15,erratic,35,2.024,16266
57,16,definite,49,2.274,16266
57,17,ambiguous,78,4.6,16266
57,18,unexpected,79,4.768,16266
58,1,erratic,96,6.006,17824
58,2,ambiguous,93,6.123,17824
58,3,risky,50,4.508,17824
58,4,confident,19,3.232,17824
58,5,vague,100,4.582,17824
58,6,questionable,61,3.203,17824
58,7,certain,40,9.164,17824
58,8,inevitable,19,4.766,17824
58,9,frequent,62,20.048,17824
58,10,definite,29,3.78,17824
58,11,unknown,81,2.227,17824
58,12,possible,72,2.289,17824
58,13,predictable,61,2.449,17824
58,14,uncertain,66,2.783,17824
58,15,unexpected,91,3.095,17824
58,16,improbable,83,3.282,17824
58,17,likely,39,2.884,17824
58,18,doubtful,51,3.613,17824
